Raw_Channel_ID,Platform_ID,obs_std,obs_mean,obs_min,obs_max,count
19,-1,8.729544846840225,220.07103570296044,184.37557262569644,253.45290847600594,2887272961
19,25,8.905523467290111,220.03944379416765,184.7165010625944,253.45290847600594,1467926498
19,26,8.543851863808227,220.03474682128876,184.37557262569644,253.32667392984453,1096350502
19,32,8.538627603705521,220.33778805927585,186.82781726306806,247.96684080000097,322995961
24,-1,8.813400444670147,221.35014544443504,186.25956737864192,254.95294632761855,2887272961
24,25,8.994737814042502,221.31170159469968,186.4697942872663,254.95294632761855,1467926498
24,26,8.62037942288842,221.31915287525342,186.25956737864192,254.5542556194966,1096350502
24,32,8.621698433241017,221.630060599449,188.5080876893466,249.68795794219946,322995961
26,-1,8.779009760321443,219.9165832585487,150.01866298843458,256.64301217248544,2887272997
26,25,8.953857269339101,219.88632031075858,185.20213174091424,256.64301217248544,1467926498
26,26,8.586418591978573,219.88087357061988,150.01866298843458,253.77307896060475,1096350538
26,32,8.617220901538934,220.17532989513998,186.92911258038836,248.60673559113565,322995961
27,-1,8.899849898278594,218.35464872625295,182.15664134889715,257.9479595809928,2887272961
27,25,9.072372318585272,218.32602303409467,182.85253570097422,257.9479595809928,1467926498
27,26,8.713133720278277,218.31343595977353,182.15664134889715,253.49316778977987,1096350502
27,32,8.729042420580685,218.62463367897902,185.0726559335142,246.93716667560537,322995961
28,-1,8.379324073132633,224.70216006568057,156.93327794117675,255.20632932975948,2887272976
28,25,8.551110801962013,224.66486411591364,192.07609444098424,255.20632932975948,1467926498
28,26,8.196422722512324,224.6748893335071,156.93327794117675,253.9430965464507,1096350517
28,32,8.198061446296352,224.96422524440993,194.68057157426435,251.94896623225983,322995961
31,-1,10.289807208121001,237.8520962483679,198.96261224144016,272.7791959923072,2887272961
31,25,10.446005058168193,237.78407582447483,199.17348058028617,272.7791959923072,1467926498
31,26,10.112463725217673,237.83187397038023,198.96261224144016,272.3082351908368,1096350502
31,32,10.162504822898176,238.22987090190657,205.8890509863545,269.5765935163226,322995961
32,-1,10.274825560747267,231.3559969060058,193.17686096501544,269.54385925893166,2887272961
32,25,10.463987147531844,231.28059174411737,193.5272402374855,269.54385925893166,1467926498
32,26,10.066312446155692,231.33422596084918,193.17686096501544,268.62130492941674,1096350502
32,32,10.096474365085962,231.77258979917042,197.11526136742566,266.99617397157397,322995961
33,-1,9.34371847281139,225.61071999866056,189.39122369686996,260.8185147554488,2887272961
33,25,9.53585023665713,225.5553670755846,189.64987826040635,260.0794353443009,1467926498
33,26,9.127984173846984,225.5792954713435,189.39122369686996,260.8185147554488,1096350502
33,32,9.176077177821577,225.96894837546716,192.00239260668852,258.1805788726032,322995961
37,-1,8.75746084044108,220.56305533762887,185.89713992921807,253.61891857551277,2887272961
37,25,8.935683332001506,220.5281613399884,186.1184028939347,253.60625350344637,1467926498
37,26,8.567821312177001,220.52414477206986,185.89713992921807,253.61891857551277,1096350502
37,32,8.568503245977732,220.85371359091047,187.92528650706012,248.70796198343143,322995961
39,-1,8.73299928510169,219.31198606794192,184.72728802607332,253.16463522397055,2887272961
39,25,8.905313113185755,219.28232203349688,184.92635784686175,253.16463522397055,1467926498
39,26,8.54891965905935,219.27116891269895,184.72728802607332,252.9191576596234,1096350502
39,32,8.55372304478762,219.585347166845,186.6220844326754,247.37120064809287,322995961
42,-1,8.763166197813234,220.43559979037042,185.64798691764773,253.58902603892426,2887272961
42,25,8.942327815517615,220.40094196864828,185.91710369432934,253.58902603892426,1467926498
42,26,8.573269764635835,220.39613180684515,185.64798691764773,253.39337094344026,1096350502
42,32,8.570611714880167,220.72707674298718,187.82839482964874,248.43082429116689,322995961
44,-1,8.7158414034857,219.06417976072663,184.68740316854672,253.07558915271994,2887272961
44,25,8.884306371448313,219.0402362049886,184.7618469945824,253.07558915271994,1467926498
44,26,8.534873200160881,219.01523695221928,184.68740316854672,252.52321537412854,1096350502
44,32,8.544056837004536,219.3391239189309,186.5709627590197,247.13208762561615,322995961
47,-1,8.739786228470246,220.37676739201896,185.72015181473103,253.40863768588568,2887272961
47,25,8.917530772955626,220.3421147531691,185.99771517809012,253.40863768588568,1467926498
47,26,8.551805859902496,220.3350030767451,185.72015181473103,253.21452793204668,1096350502
47,32,8.54707693886083,220.6760152665444,187.60493846180535,248.37773511883896,322995961
49,-1,8.687836177101765,218.91686815908173,184.78782768524553,252.74179575475617,2887272961
49,25,8.854071058352321,218.89300577895392,184.91012212678922,252.74179575475617,1467926498
49,26,8.509172194448832,218.86478852701063,184.78782768524553,252.13176558568043,1096350502
49,32,8.518308844989141,219.2020907685993,186.27782470325897,247.05080003070552,322995961
50,-1,8.799684270379698,221.43693414921677,186.67759926420607,253.8217514625799,2887272961
50,25,8.98297093437508,221.39699867260015,186.9086151040306,253.7170483420945,1467926498
50,26,8.607247337523585,221.39873911927734,186.67759926420607,253.8217514625799,1096350502
50,32,8.595509531389098,221.74807576310158,188.6549724173667,249.468220503505,322995961
51,-1,8.679783517471598,219.8225973363425,185.59156745769315,252.99056662436286,2887272961
51,25,8.851951502654497,219.793809280522,185.59156745769315,252.99056662436286,1467926498
51,26,8.49590450936456,219.77278275228295,185.7412100460598,252.6722302061841,1096350502
51,32,8.499340778204536,220.12251747746598,187.34967948047696,247.81420592303797,322995961
52,-1,8.663901305903924,219.2939603687141,185.2898652152656,252.7929221831074,2887272961
52,25,8.831245067928377,219.2690092878778,185.2898652152656,252.7929221831074,1467926498
52,26,8.48444745315493,219.24178579639238,185.34030714375552,252.17976645299083,1096350502
52,32,8.491559994534986,219.58445307636094,186.85939560119766,247.28270162800152,322995961
53,-1,8.745225887988811,221.18456379070938,186.77025515439226,253.4920642461294,2887272961
53,25,8.925856754912559,221.14654413568016,186.93403377916238,253.4920642461294,1467926498
53,26,8.554151300549538,221.1409613779214,186.77025515439226,253.45465796571577,1096350502
53,32,8.548471994258175,221.50535289869052,188.63860081785754,249.12323826595673,322995961
54,-1,8.625407496781126,218.2003947979399,184.71361521897666,252.15368539790168,2887272961
54,25,8.781687428837527,218.18542829162942,184.85476301341464,252.15368539790168,1467926498
54,26,8.455285725533018,218.13732492482933,184.71361521897666,251.4434698497396,1096350502
54,32,8.473687894167044,218.48249249959358,185.9457618464785,246.2812905862543,322995961
55,-1,8.655639805755346,220.36483501214673,186.35749818740967,253.07547804015422,2887272961
55,25,8.82853577049702,220.33374851650814,186.55751321737586,253.07547804015422,1467926498
55,26,8.472129585262094,220.31513709829326,186.35749818740967,252.73676645998881,1096350502
55,32,8.470038723267308,220.67480490517408,188.0970014417819,248.47758895909996,322995961
56,-1,8.581990142545724,219.5746856432889,185.99710204841617,252.59882316990218,2887272961
56,25,8.748140949305618,219.55152911165132,186.0955255865471,252.59882316990218,1467926498
56,26,8.404047296953866,219.51728447072716,185.99710204841617,252.10674705918595,1096350502
56,32,8.409531423452577,219.87476336081187,187.3347211822507,247.60139855832102,322995961
57,-1,8.554163286949063,218.2196898292172,150.07875739376405,251.76324924519176,2887272971
57,25,8.707881782847732,218.20357445575678,150.07875739376405,251.76324924519176,1467926508
57,26,8.387897443035962,218.1566598063988,185.12217208991945,251.05710971289375,1096350502
57,32,8.401105605494745,218.50687354742746,186.23602387245694,246.12604729122833,322995961
58,-1,8.581176273585744,220.42943947168837,150.1731149433698,252.7071668268065,2887272982
58,25,8.753118570556072,220.3999031854066,150.1731149433698,252.7071668268065,1467926519
58,26,8.399834015870223,220.37698654036691,186.68320672653314,252.47407234675987,1096350502
58,32,8.392413522698376,220.74171549885352,188.433813172406,248.3057052895315,322995961
59,-1,8.491476243933619,217.72544524604177,152.60917306957933,251.65997133920303,2887272982
59,25,8.638386476874077,217.71368208412574,152.60917306957933,251.65997133920303,1467926519
59,26,8.332678336991139,217.65626263544553,185.11092306270794,250.5363523332594,1096350502
59,32,8.344851717001987,218.01373320757673,185.8156739833079,245.3430896542673,322995961
60,-1,8.4703572556048,218.79975758699112,151.2278479423138,251.67434644868115,2887272983
60,25,8.626794988577423,218.78120217469106,151.2278479423138,251.67434644868115,1467926520
60,26,8.302569590479967,218.73939235464877,185.80043542827713,250.97639895991813,1096350502
60,32,8.309420319594635,219.08898545936907,187.02299497433427,246.5272905513577,322995961
61,-1,8.413197799904154,218.84911903286354,152.36101339527437,251.59258342022147,2887272985
61,25,8.569941232168956,218.83030469987145,152.36101339527437,251.59258342022147,1467926522
61,26,8.244869319814482,218.78643515298748,186.06273410186415,250.80792091524904,1096350502
61,32,8.252133783219309,219.14739385111213,187.09418742626428,246.42526866609387,322995961
62,-1,8.360492794487921,217.37500050203175,150.66464272688646,252.42524305427239,2887272988
62,25,8.498102630269296,217.36976400305798,150.66464272688646,252.42524305427239,1467926525
62,26,8.210942279722277,217.2987017272947,185.65495915622486,249.61509223505806,1096350502
62,32,8.225975589295738,217.65778111465573,186.0031080694018,244.6340103594783,322995961
63,-1,8.389159299896166,220.3042762325188,150.93546371682726,252.1087985686223,2887272989
63,25,8.551397657817814,220.28067284090483,150.93546371682726,252.1087985686223,1467926526
63,26,8.213632497239168,220.24272844955556,188.0531405586862,251.73119058250515,1096350502
63,32,8.225795958347414,220.62045971384242,188.9518900762649,248.08880547354758,322995961
64,-1,8.235087435620033,218.84129548703095,150.14299539204683,251.40236535642555,2887272991
64,25,8.38137868310598,218.83191583059877,150.14299539204683,251.40236535642555,1467926528
64,26,8.074422949785033,218.76485293306308,187.2010700791362,250.66598909506416,1096350502
64,32,8.096418319170688,219.14339362663335,187.75449402257868,246.51342729217149,322995961
65,-1,8.270835401721964,218.64214041088056,151.25216177259975,251.33281126761574,2887272991
65,25,8.419528999437112,218.62813611472703,151.25216177259975,251.33281126761574,1467926528
65,26,8.1100717861123,218.56925992009025,186.7685797600095,250.53551001310734,1096350502
65,32,8.121020509610327,218.95316547813746,187.35328686838557,246.16840140624709,322995961
66,-1,8.18915377742302,219.05994102625323,150.09393384976406,251.18465368029288,2887272993
66,25,8.34371905741379,219.04309281534762,150.09393384976406,251.18465368029288,1467926530
66,26,8.025094828099151,218.9908986940701,187.1355693984677,250.06086961722625,1096350502
66,32,8.022697547849475,219.3708629678424,187.76238682242192,246.1925605568492,322995961
67,-1,7.993500827354645,217.13965889698147,150.28912599409804,253.40313683775832,2887272995
67,25,8.127133805296529,217.13455481935955,150.28912599409804,253.40313683775832,1467926532
67,26,7.853478316113697,217.06190299549382,185.38453811661878,248.16293214733344,1096350502
67,32,7.844378878990078,217.42678364091014,186.36100806042492,243.1063366702754,322995961
68,-1,8.121798060943913,218.84479471889443,150.1902818241865,251.537612045165,2887272995
68,25,8.276570690352768,218.82685875955306,150.1902818241865,251.537612045165,1467926532
68,26,7.959934951013166,218.77895284755454,186.76257127605797,249.77991709946818,1096350502
68,32,7.947034228925246,219.14979679689316,187.53428561875637,245.49246105649814,322995961
69,-1,7.801608166624516,218.2012976253955,150.72522352619228,252.85816522244878,2887272995
69,25,7.948529406192113,218.18776411091994,150.72522352619228,252.85816522244878,1467926532
69,26,7.651564752578443,218.131996558173,186.24617642588558,248.28608211134298,1096350502
69,32,7.6232214485649274,218.4980334251614,187.48597755361808,243.61606420813047,322995961
70,-1,7.77356371251897,217.53819114523097,151.4486619561804,253.61748863070554,2887272994
70,25,7.91214308131909,217.53022201796364,151.4486619561804,253.61748863070554,1467926531
70,26,7.631741864510246,217.4664232368715,185.72865597836503,247.66099318078963,1096350502
70,32,7.607182447877941,217.8180115969239,186.63651433866198,242.64791644707915,322995961
71,-1,7.808033923253554,218.5583276842919,150.3356529678589,252.57766261344153,2887272994
71,25,7.958502497744306,218.54242993366836,150.3356529678589,252.57766261344153,1467926531
71,26,7.65231748327754,218.49380649508905,186.65071038495506,248.5489155199364,1096350502
71,32,7.632503837376225,218.8495838591507,187.8415449948644,244.01926983759947,322995961
72,-1,7.3018774554784045,217.55873419509322,150.21700174176732,254.957518324951,2887272993
72,25,7.436227647865636,217.55331633706496,150.21700174176732,254.957518324951,1467926530
72,26,7.167973541035711,217.48957034103898,185.4220598147017,245.38240777057158,1096350502
72,32,7.128227953107425,217.8181208554982,186.30032758001204,240.61797156611559,322995961
73,-1,7.601283804997253,218.0346120986064,150.55673693712754,253.77881702183495,2887272989
73,25,7.743867215064543,218.02295706482997,150.55673693712754,253.77881702183495,1467926526
73,26,7.4566281064760265,217.9678285729961,186.19305246488298,247.4259567723456,1096350502
73,32,7.425322285141102,218.31426539454966,187.1132284035377,242.7047696636936,322995961
74,-1,7.243292771159925,218.5935323133866,150.46027255251337,254.23590752016213,2887272989
74,25,7.389047700511058,218.58125709351683,150.46027255251337,254.23590752016213,1467926526
74,26,7.098352136124067,218.53295791801364,186.4519235765255,246.35674789934336,1096350502
74,32,7.053145095561425,218.85492842921852,187.47688966690012,241.72689456688025,322995961
75,-1,6.977607499504003,218.07365389954748,151.05498594607357,255.5119172669952,2887272988
75,25,7.115059735012137,218.063780836351,151.05498594607357,255.5119172669952,1467926525
75,26,6.843492357459363,218.01334714729592,185.6862212918706,244.45044069430824,1096350502
75,32,6.789717625344556,218.3232244180289,186.81440003729895,239.8863653915099,322995961
76,-1,7.242746217761988,218.6939800315923,150.37705375366545,254.24284432685806,2887272987
76,25,7.389125646276543,218.6808469912154,150.37705375366545,254.24284432685806,1467926524
76,26,7.098563915101793,218.63501875222394,186.47221058786153,246.2909235898897,1096350502
76,32,7.047128407297085,218.95379927603216,187.75039767245875,241.92723859916626,322995961
77,-1,6.565734955655734,219.18589217005768,150.02754269763832,256.1371368374446,2887272990
77,25,6.708990344947416,219.17076746469394,151.42589963829363,256.1371368374446,1467926522
77,26,6.429661290729607,219.13961678553713,150.02754269763832,242.96381688711568,1096350507
77,32,6.356828283387007,219.41170303529503,187.5211330618234,239.41726912280328,322995961
78,-1,6.744505351742569,218.73183032736682,150.3097227431247,255.85709431255515,2887272982
78,25,6.885253027153597,218.72019068142157,150.3821264970798,255.85709431255515,1467926518
78,26,6.609565379352516,218.6779345231856,150.3097227431247,243.79337333105747,1096350503
78,32,6.5437307501097335,218.96766868500768,187.42324451252028,239.65409059255182,322995961
79,-1,6.632367039034907,219.44318307065274,150.28478207667797,255.6546437949352,2887272976
79,25,6.777351740688639,219.42786754682894,150.28478207667797,255.6546437949352,1467926506
79,26,6.493898304423292,219.39589855676905,150.4982312470997,243.84279284584792,1096350509
79,32,6.423414793288579,219.6732864564917,188.00505066294963,239.80293973515782,322995961
80,-1,6.175535925082604,220.09764637141245,150.11282118183834,257.1552310375079,2887273080
80,25,6.316693006077174,220.08186502135703,150.9786634080911,257.1552310375079,1467926501
80,26,6.042042549530314,220.0633149358566,150.11282118183834,240.79671825532742,1096350511
80,32,5.968138565115481,220.28589989802498,151.3643404759853,238.71594697596902,322996068
81,-1,6.501617031953282,219.35221681189802,150.14988673742275,256.1003694573306,2887272991
81,25,6.643134610329858,219.3380667223894,186.494752865745,256.1003694573306,1467926498
81,26,6.367028052321627,219.30574073779854,150.35371707365576,243.38468371195484,1096350508
81,32,6.295887592047436,219.57427950653954,150.14988673742275,239.4728046865669,322995985
82,-1,6.099897932851066,220.41234161045932,150.01574022997028,256.7977186447211,2887273079
82,25,6.238874424712653,220.3964088071466,186.82147398038794,256.7977186447211,1467926498
82,26,5.9684354614947805,220.38011352506254,150.01574022997028,241.72102637256089,1096350512
82,32,5.896010086281382,220.59414401529204,151.05096523149095,238.95275510603034,322996069
83,-1,6.018852583237287,220.8155002961843,150.05337586543322,257.2164755169641,2887273109
83,25,6.15848518818185,220.79621684314031,186.57420136746032,257.2164755169641,1467926498
83,26,5.887233940472182,220.78971739274388,150.6427499664397,240.4626708269057,1096350512
83,32,5.812352227312793,220.99065346756646,150.05337586543322,238.5709732205626,322996099
84,-1,6.06193088149684,220.66048020248246,150.0199795290137,256.6513220126934,2887273084
84,25,6.201935776191371,220.6439515525526,187.04818341431996,256.6513220126934,1467926498
84,26,5.930389251720378,220.62867358052958,151.4215629590423,242.00662700716998,1096350518
84,32,5.853205891200124,220.84355998431448,150.0199795290137,239.0096189738717,322996068
85,-1,5.813291082040187,221.82943944739264,150.06194586712715,257.1808838509756,2887273155
85,25,5.946501888182134,221.80836826310338,186.97159949159618,257.1808838509756,1467926498
85,26,5.687787151021978,221.81267039166627,150.39053930409335,240.43005270359214,1096350521
85,32,5.616767920784498,221.9821214991207,150.06194586712715,238.48266916660504,322996136
86,-1,5.925431840546665,222.15848610461813,150.14375871650785,256.3186824942391,2887273105
86,25,6.066002707456389,222.13711392465018,187.4618537468065,256.3186824942391,1467926498
86,26,5.796620464728242,222.13919044732728,151.50805591472357,241.1720967711882,1096350526
86,32,5.704853824048694,222.32111220569234,150.14375871650785,238.599091756417,322996081
87,-1,5.853365355348389,223.74263027195457,150.1053006046008,256.733358876288,2887273166
87,25,5.987402320743902,223.71502769785798,187.33928392662276,256.733358876288,1467926498
87,26,5.731481323762756,223.74141953092908,152.25806805106822,239.5773112021902,1096350528
87,32,5.641055522818198,223.87218583411067,150.1053006046008,238.66943717469965,322996140
88,-1,5.9857189843413465,224.80018228958104,150.0618459434908,257.2769080461902,2887273197
88,25,6.11256939384138,224.76909675373417,186.18490403086201,257.2769080461902,1467926498
88,26,5.86789438873031,224.81337126802495,150.23890319152605,240.49054947100277,1096350530
88,32,5.794871907557723,224.89668974464956,150.0618459434908,239.13452020340375,322996169
89,-1,5.898609219748557,224.46995116074237,150.0728568016002,256.83503694423854,2887273184
89,25,6.02764406044296,224.43907724422493,186.6040962706381,256.83503694423854,1467926498
89,26,5.780056118186282,224.47788404856578,152.65532801955396,239.64975517529575,1096350530
89,32,5.6992879204798275,224.58333769399698,150.0728568016002,239.0064873793162,322996156
90,-1,6.115080138379994,226.41864238786647,150.4768322199719,257.06137050146236,2887273203
90,25,6.230187366119266,226.38437220650633,186.1141787905341,257.06137050146236,1467926498
90,26,6.008339205421221,226.443992432431,156.55396139150002,242.98297558824513,1096350530
90,32,5.942736173860666,226.48834467618607,150.4768322199719,240.13348549922654,322996175
91,-1,6.326431530139163,227.0616982502413,150.5472948938848,256.75658294082854,2887273200
91,25,6.441818423340672,227.02353090838878,186.0979252634019,256.75658294082854,1467926498
91,26,6.220098859553725,227.09306326199328,157.03396088341424,244.40213592869137,1096350530
91,32,6.151583650162107,227.12869534519706,150.5472948938848,240.28742293421269,322996172
92,-1,6.2436219266621675,226.98556444231383,150.61186230907256,256.5133251720686,2887273200
92,25,6.358522883670539,226.94910455099,186.09139948362173,256.5133251720686,1467926498
92,26,6.13861671615307,227.01606130118998,158.02087627464462,243.8332551525635,1096350530
92,32,6.0664891719140845,227.04774843995045,150.61186230907256,240.0895022786872,322996172
93,-1,6.49950701375372,228.2774237714401,150.09282045468638,256.4340743460796,2887273207
93,25,6.604415994758494,228.23710744574612,185.65717228853953,256.4340743460796,1467926498
93,26,6.401380891000713,228.31929593515832,160.1816283806032,246.3253554174715,1096350530
93,32,6.3464764609800755,228.3185228146072,150.09282045468638,242.23492219483802,322996179
94,-1,6.594835530209459,228.60857797499546,151.42397988326294,255.92547818923072,2887273204
94,25,6.702762894290042,228.56826984962805,185.9557591478418,255.92547818923072,1467926498
94,26,6.497112258474677,228.65046893783583,160.30437924964082,246.61076775200988,1096350530
94,32,6.42627534571844,228.64957594024452,151.42397988326294,242.97263930033148,322996176
95,-1,6.744021195460138,229.00531444455916,150.32842922635953,255.55959063768387,2887273210
95,25,6.851255670846664,228.96050171590434,186.1126955858238,255.55959063768387,1467926498
95,26,6.64870702009895,229.05479005324904,152.2749036286444,247.28561252514893,1096350535
95,32,6.5704144066321755,229.04103988840387,150.32842922635953,243.89401208158068,322996177
96,-1,7.067204512438819,230.4952094272746,150.31065542431892,255.03311606586584,2887273213
96,25,7.166500476579897,230.4481039357449,185.808323691354,255.03311606586584,1467926498
96,26,6.978553516438218,230.55475855136336,150.31065542431892,249.7463601713478,1096350536
96,32,6.908425366737825,230.50716215413547,150.78142665125884,246.81156731329287,322996179
97,-1,7.062842596682093,230.62307547842613,150.3786343791455,254.73114936392005,2887273219
97,25,7.161166886534597,230.57660152483163,185.9343454879723,254.73114936392005,1467926498
97,26,6.974617543611887,230.68082606626126,150.3786343791455,249.87813624261182,1096350546
97,32,6.907242587028863,230.63826283921546,150.80764641868774,247.07059788448743,322996175
98,-1,7.288355450489982,231.34974755299325,150.44198304612777,254.44015603679273,2887273242
98,25,7.383465735670894,231.30214287478682,185.41213931594294,254.44015603679273,1467926498
98,26,7.203259185452412,231.4154849214936,150.44198304612777,251.23435433240633,1096350560
98,32,7.137158676005467,231.34296409142664,150.90262736853052,248.9344078880867,322996184
99,-1,7.528641245846803,232.41419960581555,150.35653420997352,253.95789346716774,2887273256
99,25,7.615735142988757,232.36364299667665,184.77500741882722,253.95789346716774,1467926498
99,26,7.451582539159016,232.48696168036494,150.91691771237026,252.7968866983085,1096350575
99,32,7.3874488832103555,232.39698777372908,150.35653420997352,250.93465849096194,322996183
100,-1,7.628817477997679,232.47869469463237,150.28656832531257,253.37871700648094,2887273254
100,25,7.724149100145333,232.42644215671982,184.42604883619313,253.37871700648094,1467926498
100,26,7.545868818867284,232.5542253020516,150.28656832531257,252.54664492026683,1096350581
100,32,7.469100522538076,232.45979310752287,150.45927662867248,251.56478847765072,322996175
101,-1,8.592429011479686,235.55894666961385,150.01260477365295,259.1543835852641,2887273379
101,25,8.678523493209987,235.49675197605043,179.4863016993495,258.9181806620706,1467926498
101,26,8.518448255901063,235.65911166201244,150.01260477365295,259.1543835852641,1096350709
101,32,8.444761705069807,235.5016124863578,150.55920917149408,258.42918362423416,322996172
102,-1,8.159058008049742,234.82484889673165,150.01557651120945,255.87629901175453,2887273327
102,25,8.24305597296702,234.77041909308326,180.26739562356562,255.87629901175453,1467926498
102,26,8.086379622585772,234.91020984609938,150.01557651120945,255.75074068137127,1096350660
102,32,8.017257464265468,234.78247507488865,150.2362758010521,254.539390308816,322996169
103,-1,8.363934115533493,235.02000915144998,150.28383748035492,256.90398709594433,2887273375
103,25,8.452756512314238,234.959557091913,179.57716302612855,256.8941755338207,1467926498
103,26,8.286072204154548,235.11166636354366,150.53912816953712,256.90398709594433,1096350710
103,32,8.217110263638352,234.98363327240585,150.28383748035492,256.18694685520944,322996167
104,-1,9.587162871450817,238.67787964058624,150.04758288271165,266.1574479384741,2887273588
104,25,9.664193112050725,238.60939356412675,174.26829474803603,266.1574479384741,1467926498
104,26,9.520088358370025,238.79389204639998,150.04758288271165,265.49344952826465,1096350924
104,32,9.457829509606974,238.59534682832245,150.18081170362908,265.1496473449836,322996166
105,-1,8.761108250645856,236.0452954094648,150.0000077077421,260.35392489413044,2887273407
105,25,8.84474795828185,235.9845759444747,150.0000077077421,260.30349484529216,1467926507
105,26,8.688804625563533,236.14114615669,150.00716304678818,260.35392489413044,1096350726
105,32,8.619564889554775,235.99590063193378,150.28871520053642,259.82626759841645,322996174
106,-1,10.056365913871701,239.43669831199782,150.05664615865552,268.7058301803273,2887273527
106,25,10.136493496869715,239.36217385491764,150.20285984754338,268.7058301803273,1467926504
106,26,9.988528000906575,239.56172275103194,150.05664615865552,268.4757365218431,1096350855
106,32,9.914992830960841,239.35101858069305,150.41876637969185,268.23570576148904,322996168
107,-1,10.086576306485549,240.07964908662737,150.04631110464015,268.92538246847323,2887273402
107,25,10.161868109109758,240.00690589958074,171.73593230007924,268.92538246847323,1467926498
107,26,10.02338302877729,240.2041717418771,150.04631110464015,268.7014834963019,1096350741
107,32,9.951823686291592,239.98757723888966,150.78802077936396,268.4952622945303,322996163
108,-1,9.009491288726844,236.97963515118974,150.37568729088272,261.8595449225441,2887273295
108,25,9.096114289554558,236.91377723169964,175.95112272662772,261.69035174236797,1467926498
108,26,8.940151575100938,237.08656011298444,150.37568729088272,261.8595449225441,1096350628
108,32,8.843372976639854,236.9160038581207,150.46388469815378,261.3019871007941,322996169
109,-1,9.826998226942257,240.0548156992248,150.12918009363975,267.3854831163219,2887273232
109,25,9.898983052276536,239.98223293082137,170.86822307119968,267.3854831163219,1467926498
109,26,9.77015371665245,240.18303259553088,150.6813397181372,267.3684972188798,1096350570
109,32,9.685397184611778,239.94947544412753,150.12918009363975,266.8673243993953,322996164
110,-1,7.794082388720824,234.4848187121465,150.26624133473453,254.51015533514072,2887273200
110,25,7.877668053102872,234.43453965986635,179.8548545566002,254.4130605707641,1467926498
110,26,7.7241887477041375,234.56309150702413,158.07815004701064,254.51015533514072,1096350532
110,32,7.644759266840038,234.44764035436972,150.26624133473453,253.96169182726757,322996170
111,-1,5.766563038353083,225.92638685610694,150.3376220519771,253.11774484388621,2887273184
111,25,5.88287774526362,225.89985862657744,185.3206168560997,253.11774484388621,1467926498
111,26,5.662752114097781,225.93262610121306,150.3376220519771,240.81376271436733,1096350530
111,32,5.577567121661869,226.02577222276275,151.23789485308328,239.31292521943894,322996156
112,-1,6.133260458835851,221.78700922007795,150.1443350162595,251.54538945596963,2887272997
112,25,6.272042545159144,221.7740295898231,181.79223963069342,251.54538945596963,1467926498
112,26,5.998482030294343,221.74367595098815,151.9966601134302,245.95221801482631,1096350530
112,32,5.94078862455214,221.9930848436365,150.1443350162595,241.52901204504516,322995969
113,-1,7.894733887724795,221.85540055351404,150.01146645622754,253.54503968962513,2887273085
113,25,8.056911301664575,221.82989430205637,176.41626428907952,252.5704961972589,1467926498
113,26,7.717368793419112,221.8016378998233,150.01146645622754,253.54503968962513,1096350626
113,32,7.737366340183885,222.1538068280391,192.0010384937838,248.91220220002418,322995961
114,-1,7.603725186162724,224.99315963587415,150.05692694493834,251.1137613099343,2887273520
114,25,7.778714258902826,224.95289211215788,177.6512434875525,250.09968424020315,1467926498
114,26,7.4344505246155395,224.96753872045193,150.05692694493834,251.1137613099343,1096351061
114,32,7.35808253200595,225.26312983181396,193.39121352775825,248.20552206792635,322995961
115,-1,7.295037485257699,231.46875164128647,150.20652458849244,257.6402606622033,2887273880
115,25,7.419617463060454,231.41505976315952,181.10430149377586,249.36479104180242,1467926498
115,26,7.2044879161383975,231.5244533303784,150.20652458849244,257.6402606622033,1096351229
115,32,7.022552900196761,231.523696925222,150.2919367964694,248.98483749148787,322996153
116,-1,10.57892386672749,240.96434043374416,150.15114628726047,272.62191497680215,2887273933
116,25,10.651815439697875,240.88697977193797,172.42145613488893,272.62191497680215,1467926498
116,26,10.517424993776684,241.10382509097883,150.15114628726047,271.97890134230306,1096351261
116,32,10.448741028520732,240.84246773787348,150.29139458742145,271.73072822457135,322996174
117,-1,12.481640288855822,245.9755040209162,150.06133609028998,284.9126310773817,2887273914
117,25,12.551187170863006,245.88103245206196,163.65374977263673,284.9126310773817,1467926498
117,26,12.426306085060121,246.1491690974917,150.06133609028998,283.8417534689028,1096351258
117,32,12.344588965651187,245.81537640123895,152.35353208331733,283.65879760941,322996158
118,-1,13.298221247569131,247.96622170585263,150.3428773369251,289.8981642390729,2887273970
118,25,13.370088527874625,247.8658013968269,159.27262470283202,289.8981642390729,1467926498
118,26,13.246126031301255,248.14932805969528,150.3428773369251,288.66526281523704,1096351318
118,32,13.139225519196845,247.80108271223693,151.6218548551833,288.6728703777455,322996154
119,-1,12.27087984898095,245.06758196698692,150.0846601180357,283.12727624738267,2887273875
119,25,12.347182679000891,244.97638901388635,166.43182669231433,283.12727624738267,1467926498
119,26,12.212094644551568,245.23015791928393,150.0846601180357,282.0130602154393,1096351222
119,32,12.115131325339513,244.93019397956206,152.94715867280883,282.0099613608938,322996155
120,-1,13.429385516152738,248.3432524971778,150.01547260215324,290.4199828850648,2887273933
120,25,13.499677672742656,248.24352541269232,159.71235946573506,290.4199828850648,1467926498
120,26,13.371731452639102,248.52501750033375,150.01547260215324,289.17210184160547,1096351291
120,32,13.29685725187111,248.17951597286756,150.14644363800176,289.1030554519484,322996144
121,-1,13.052080847748766,247.490534555763,150.1692080609836,288.198989319597,2887273904
121,25,13.123447241565161,247.3967270141116,153.31900874694458,288.198989319597,1467926499
121,26,12.991444086471429,247.6602329939868,150.1692080609836,286.98802811639035,1096351263
121,32,12.925447084080792,247.3408531367207,151.2171277680153,286.8498210842401,322996142
122,-1,12.2112395417437,245.05539277205162,150.03107953868843,282.91499474372085,2887273775
122,25,12.28639214845835,244.9657409016351,167.86901330195212,282.91499474372085,1467926498
122,26,12.14756844509376,245.21476411127784,150.03107953868843,281.7108429384329,1096351132
122,32,12.077711826120716,244.92187850986343,151.4028414433717,281.5374893726932,322996145
123,-1,13.408611065709284,248.32366049185833,150.12305043998833,290.5196709116123,2887273908
123,25,13.477208392766135,248.22663761764503,157.241590677452,290.5196709116123,1467926499
123,26,13.349421501468516,248.50114032985948,150.12305043998833,289.1865582434255,1096351267
123,32,13.289438617973206,248.1621793148087,151.69984098163638,289.12753511769466,322996142
124,-1,11.51485734450563,243.29430510054954,150.04601890380334,278.4650658704546,2887273726
124,25,11.591707444637667,243.21303244508965,150.09596672292793,278.4650658704546,1467926500
124,26,11.448159254279942,243.43855544331663,150.04601890380334,277.35819934276,1096351075
124,32,11.384431417417936,243.17403514201706,151.71684809686744,277.2524934146549,322996151
125,-1,12.504387446561497,245.81977546360548,150.03093059528905,284.9621229205696,2887273764
125,25,12.575050813319532,245.72701289886612,150.91833436428288,284.9621229205696,1467926499
125,26,12.44349422420683,245.9859921017677,150.03093059528905,283.7143692325479,1096351110
125,32,12.381794818799968,245.6771633360602,150.42645756832619,283.71564509429436,322996155
126,-1,12.03521960103351,244.76013670352376,150.14804481961525,282.2896763235462,2887273774
126,25,12.109408556553987,244.674681229393,151.3887152983206,282.2896763235462,1467926507
126,26,11.969822471967799,244.91191841402383,150.14804481961525,280.7512048567328,1096351113
126,32,11.912466225436788,244.6333126188166,154.04003472225043,280.78315099913226,322996154
127,-1,10.147398445218606,240.49980788229794,150.04424602766164,271.81896545677006,2887273594
127,25,10.22572987960211,240.4270971088827,161.7948712568751,271.81896545677006,1467926499
127,26,10.078351161885584,240.621401395459,150.04424602766164,270.4221479569507,1096350943
127,32,10.018795850862137,240.4175310762332,150.97924301863307,270.6365457720405,322996152
128,-1,10.912603694522552,243.14236985587075,150.1101731790229,278.66822894460284,2887273800
128,25,10.98377917116377,243.06276515714438,150.19371746512587,278.66822894460284,1467926500
128,26,10.851243000694947,243.27861261754882,150.1101731790229,277.66036187979483,1096351163
128,32,10.79041354140846,243.0416997248497,153.00283929252635,277.36631627425686,322996137
129,-1,9.878989363864063,239.58644848691577,150.02952264473547,270.23267218281444,2887273653
129,25,9.963059327229782,239.51377198111174,151.1386481829786,270.23267218281444,1467926510
129,26,9.806616827008927,239.70392749912907,150.02952264473547,268.6777450770198,1096350995
129,32,9.735174795695634,239.5179818425157,150.21841007955524,269.0767645535686,322996148
130,-1,10.524633395057055,242.07627906108186,150.0141693591877,275.6317076765118,2887273766
130,25,10.596830534036897,241.99905825139658,165.25243389470475,275.6317076765118,1467926499
130,26,10.460280704555805,242.20620550395589,150.0141693591877,274.63267705151367,1096351123
130,32,10.408117982957467,241.986214429409,150.02585596940887,274.5386350645994,322996144
131,-1,10.496215732835319,241.8335254617169,150.19718996640293,275.1127921090331,2887273808
131,25,10.56889463532558,241.75952856113844,151.06913808292222,275.1127921090331,1467926511
131,26,10.427738428454779,241.9575211273659,150.19718996640293,273.9119589567516,1096351160
131,32,10.391911975096468,241.74893999257782,151.42325992197527,274.01004919551195,322996137
132,-1,10.799138509956661,241.64649930226517,150.1238982112638,274.62055035665554,2887273704
132,25,10.875194279203251,241.56661699316535,150.57599819124383,274.62055035665554,1467926501
132,26,10.730432096382469,241.78469160602333,150.1238982112638,273.1909231173061,1096351046
132,32,10.67920831893762,241.54047352597178,151.19872715895363,273.3090861124586,322996157
133,-1,12.343493673557782,245.5902034983272,150.53341947971577,284.19758744839606,2887273870
133,25,12.412348370387383,245.50086488469165,175.6286187583125,284.19758744839606,1467926499
133,26,12.281550707537775,245.75141815767802,150.53341947971577,283.01265565138397,1096351217
133,32,12.233077964402181,245.44900872224983,153.7087276585894,282.8159671409538,322996154
134,-1,10.952348491530635,241.7207652859607,150.30786330578454,274.97015998458164,2887273746
134,25,11.03079536612103,241.64321219864678,150.30786330578454,274.97015998458164,1467926516
134,26,10.881529567126933,241.85508139941413,150.38099340081624,274.1201197723911,1096351073
134,32,10.82892997900579,241.61731086052595,153.67110891786456,274.1533889442972,322996157
135,-1,12.158102826085997,245.1594329461129,150.09974322228325,282.94776029919086,2887273832
135,25,12.226575602674393,245.06956909779726,153.81683684257962,282.94776029919086,1467926500
135,26,12.096634685346123,245.31963785681936,150.09974322228325,281.8458364841862,1096351176
135,32,12.04780593890585,245.0240526417123,153.92214803892736,281.6622152431529,322996156
136,-1,11.748785043305256,243.9620484879404,150.0939339102239,280.26087430340533,2887273849
136,25,11.823422231425527,243.8783050393896,151.16981044324885,280.26087430340533,1467926511
136,26,11.68176004898801,244.10847584836344,150.0939339102239,279.0909037467238,1096351184
136,32,11.629723901744768,243.84561805601783,153.5642763531814,279.0448446902944,322996154
137,-1,11.445633335591838,243.18336231767722,150.02018123128502,278.26658913318016,2887273741
137,25,11.520249761507465,243.0998389492248,150.02018123128502,278.26658913318016,1467926512
137,26,11.380122838270365,243.33080928845433,150.02690690634662,277.22452238552853,1096351072
137,32,11.32122099696872,243.06247085595078,150.78383946997454,277.2353881533471,322996157
138,-1,12.521038699909775,246.14996709795994,150.0116257488115,285.2737818932952,2887273889
138,25,12.590368241315128,246.05969399480307,174.03167626835278,285.2737818932952,1467926499
138,26,12.460060754472272,246.3133172836068,150.0116257488115,284.07658902899396,1096351236
138,32,12.405094771810273,246.00577065138594,153.05181457382756,283.95016901393444,322996154
139,-1,11.125001319837246,242.2205513392653,150.11708792891454,276.0630596381414,2887273772
139,25,11.203483166995161,242.14026510796947,150.20612256911005,276.0630596381414,1467926505
139,26,11.057151551681997,242.35894132465955,150.11708792891454,274.99203614058973,1096351110
139,32,10.991128658155112,242.11569025513128,152.57177130297225,275.1951420773088,322996157
140,-1,12.382875610149686,245.72578508249163,150.02608980652582,284.3217695713915,2887273902
140,25,12.453793701566854,245.6343662289975,153.62675288844238,284.3217695713915,1467926500
140,26,12.324570012595807,245.89142222558718,150.02608980652582,283.2495880399909,1096351244
140,32,12.250217595651002,245.5790330884889,153.33174942087786,283.1345657283075,322996158
141,-1,11.725681730232449,244.136646534796,150.02365448423816,279.92466305023925,2887273883
141,25,11.799374498986628,244.05381164850115,154.3477295144894,279.92466305023925,1467926500
141,26,11.66155472769676,244.2838473409605,150.02365448423816,278.9405505000268,1096351226
141,32,11.601012840001047,244.01346160293957,151.94879332116338,278.808262996114,322996157
142,-1,12.017912855385571,245.24967462919918,150.03986260986045,281.9002628846984,2887273840
142,25,12.087815410493693,245.16225170959052,150.75206087692342,281.9002628846984,1467926511
142,26,11.957518243854672,245.40782939678112,150.03986260986045,281.0169772755005,1096351173
142,32,11.897393332504846,245.11015983078963,151.07860657863915,280.797272680535,322996156
143,-1,12.59765993214543,246.90563502890151,150.17852145888406,285.7912017838114,2887273901
143,25,12.665617180899533,246.81594797993333,151.7842819600802,285.7912017838114,1467926502
143,26,12.538849748061354,247.06874646213083,150.17852145888406,284.8741327561927,1096351251
143,32,12.480710143965025,246.75958552305156,150.6154534137996,284.63757245023294,322996148
144,-1,11.355590122488229,243.81332090375156,150.02028243379397,278.23812786453163,2887273489
144,25,11.42816658735854,243.73257340244297,153.14325795014005,278.23812786453163,1467926502
144,26,11.29233285268198,243.95667210558085,150.02028243379397,277.1779704211485,1096350836
144,32,11.233147585054331,243.69371634281063,151.1356514829045,276.92092796184016,322996151
145,-1,11.844811195104853,246.0865082884858,150.04126280668777,282.42326904525794,2887273314
145,25,11.909282749005062,246.00107491817374,150.04126280668777,282.42326904525794,1467926511
145,26,11.78894087335093,246.24211625955093,150.12772342911757,280.9474117483684,1096350661
145,32,11.733988501022727,245.9465964231328,152.99703440046906,281.09749071426995,322996142
146,-1,9.26321050562445,239.64410744983272,150.0404326278166,265.51867321131795,2887273467
146,25,9.3329324921703,239.58432749461156,150.1724798899788,265.51867321131795,1467926518
146,26,9.205478918480882,239.74614480007534,150.0404326278166,264.3329198183381,1096350801
146,32,9.136548712949352,239.56944355892938,151.5391238700968,264.78400967095075,322996148
147,-1,7.425702453132191,234.63661284159664,150.13742057855546,252.94144658040636,2887273868
147,25,7.499111004648962,234.59332229179506,150.5017649941722,252.8814559686422,1467926515
147,26,7.373974461924353,234.69978625135096,150.13742057855546,252.94144658040636,1096351189
147,32,7.262092775084794,234.61892564394114,151.5409258899116,251.922367985949,322996164
148,-1,8.958789572054918,238.50371790885305,150.0583455528217,264.8703161258017,2887273973
148,25,9.033935187163049,238.44525740199103,153.58838000190514,264.0336102683827,1467926519
148,26,8.903369929916595,238.5968207321308,150.10192443551844,264.8703161258017,1096351299
148,32,8.799301615018345,238.45338395703178,150.0583455528217,262.97689276365645,322996155
149,-1,12.232102721640679,245.97031357452823,150.4320695894673,284.80177742456414,2887273949
149,25,12.305295277193759,245.88015514920318,150.6941490655607,284.80177742456414,1467926520
149,26,12.168350594007386,246.12881936654153,150.4320695894673,282.77472937868174,1096351296
149,32,12.10800094153586,245.8420393237615,150.78585008630776,282.9687941196254,322996133
150,-1,14.620377441063336,251.60909807996208,150.02639412045906,299.12232022855125,2887273999
150,25,14.692012319281005,251.50093743116622,154.66580919060144,299.12232022855125,1467926519
150,26,14.558443676702339,251.80210479583565,150.02639412045906,296.7389135481505,1096351365
150,32,14.49621240007586,251.4455317419506,152.999187983969,297.548685724578,322996115
151,-1,12.979916284088073,248.04901109247598,150.3595695615113,290.14581423093796,2887273971
151,25,13.054088730476787,247.95441860366296,158.6749408339375,290.14581423093796,1467926519
151,26,12.914752156849598,248.21136857425086,150.3595695615113,287.5797656882741,1096351336
151,32,12.856325429432333,247.92781452915054,152.36521569639663,287.832027628354,322996116
152,-1,13.191425374254473,249.8612014991668,150.0319822852583,294.6044738002733,2887273967
152,25,13.262627705529686,249.76463732068424,153.51566674290953,294.6044738002733,1467926519
152,26,13.127554609319592,250.02380706888005,150.06854155420058,292.00672724060564,1096351356
152,32,13.07724344324984,249.74812360326382,150.0319822852583,292.01426055374924,322996092
153,-1,13.052710650555087,249.40503086464707,150.02045500893587,292.92785311684923,2887273990
153,25,13.123301876699538,249.31193492716835,151.9005334755648,292.92785311684923,1467926519
153,26,12.988835564182843,249.56404512538452,150.02045500893587,290.37689136433886,1096351373
153,32,12.941516279584677,249.28838082496162,150.36377730052686,290.3829807878381,322996098
154,-1,14.430339864125738,251.34772593602136,150.06002525887607,297.1051651983153,2887273964
154,25,14.500360969904522,251.2410039890531,152.48646089829134,297.1051651983153,1467926519
154,26,14.37106646121095,251.53763832339936,150.06002525887607,294.59254706467465,1096351353
154,32,14.304655792468944,251.1881242318024,152.5277531186732,295.3938296437446,322996092
155,-1,15.994620904669967,254.67182741499715,150.05406040758803,304.94455559726237,2887273986
155,25,16.065106546699774,254.5550182171008,152.34897040566997,304.94455559726237,1467926517
155,26,15.934966642739923,254.88161631454548,150.05406040758803,303.0696753267716,1096351387
155,32,15.867545642271228,254.49060220751792,153.5410836143577,303.8598570816386,322996082
156,-1,14.690917095455923,251.72606468372905,150.12220278926338,297.5729951269191,2887273970
156,25,14.761690107537618,251.62003919548306,156.15625675624375,297.5729951269191,1467926517
156,26,14.631570898932996,251.91727238220824,150.12220278926338,295.87575270284344,1096351371
156,32,14.56205321163398,251.55890105634103,155.43919818402387,296.32723044693523,322996082
157,-1,16.21741066215365,255.34826454395622,150.0413954439776,306.7059019553087,2887273974
157,25,16.288041687873577,255.22893856150125,150.0413954439776,306.7059019553087,1467926519
157,26,16.158789360021363,255.56109041173264,150.16701242888578,304.32856181835723,1096351383
157,32,16.086066071558225,255.1681689778915,154.13942896798355,305.6286329489587,322996072
158,-1,14.875663381699193,252.67771497454802,150.10674738120554,300.41572571410035,2887273986
158,25,14.946201027878466,252.57114025932583,153.16588879440098,300.41572571410035,1467926515
158,26,14.815620556987643,252.86740506842318,150.10674738120554,297.82546261821625,1096351390
158,32,14.750500581828563,252.5181986496859,151.632529766917,298.7523969364438,322996081
159,-1,15.665150531085052,254.33177321038937,150.19498628714925,304.44394730696865,2887273981
159,25,15.735038308895996,254.2160223361975,153.82383959683818,304.44394730696865,1467926517
159,26,15.607083126937896,254.53686023238413,150.19498628714925,301.85095300361854,1096351376
159,32,15.535596277358621,254.16169789612883,151.120754154365,302.9727421670902,322996088
160,-1,16.288170544055586,255.55456790125638,150.5877732550473,306.8013346511169,2887273995
160,25,16.360241895332486,255.43687174752142,152.29568006815992,306.8013346511169,1467926515
160,26,16.229852826072793,255.76581032765876,150.5877732550473,304.558733704195,1096351396
160,32,16.14930403149235,255.3724399213406,150.70559583583162,305.6786533025625,322996084
161,-1,15.63962796279599,253.88069284523786,150.03677585263935,302.4146607648035,2887273987
161,25,15.71046348088561,253.7659076161228,150.03677585263935,302.4146607648035,1467926517
161,26,15.584941667852448,254.08866338998723,150.20540909842845,300.767359456744,1096351385
161,32,15.4938973304916,253.69644134510824,154.10316051772577,301.4054169188828,322996085
162,-1,17.0248258590695,256.74158304182697,150.12511220135576,309.66285048545024,2887273993
162,25,17.097689553959487,256.6168164637166,150.30134301078738,309.66285048545024,1467926517
162,26,16.969806853756527,256.96685905507945,150.12511220135576,307.6016820019129,1096351402
162,32,16.870438538378558,256.5439536906951,150.6700803244055,308.8780812677566,322996074
163,-1,15.89526333822851,254.7291727378545,150.24919556491017,304.3153344205191,2887274002
163,25,15.966248632489192,254.6136855469694,151.2526001343822,304.3153344205191,1467926515
163,26,15.839748772484677,254.93889065768198,150.24919556491017,302.30484003842463,1096351408
163,32,15.751688815671251,254.54218029129098,157.62402085307107,303.10735424270734,322996079
164,-1,16.486943524702298,256.6015510540642,150.1068552014534,309.62975561404505,2887273988
164,25,16.56016735771697,256.48031878146793,150.97561184999114,309.62975561404505,1467926515
164,26,16.427828608893023,256.81658223269613,150.1068552014534,306.93124530826134,1096351401
164,32,16.34535359604434,256.42263350198317,155.326181986662,307.8004017581011,322996072
165,-1,16.100622949270026,255.99626731004838,150.2361844095067,308.0965893566283,2887274009
165,25,16.173375207641463,255.8790469142534,150.44665201607117,308.0965893566283,1467926514
165,26,16.041333742295826,256.2036842090264,150.2361844095067,305.327583119506,1096351421
165,32,15.962132111928177,255.82496217844195,152.71621410107144,305.997135029699,322996074
166,-1,16.322308627897687,256.23442063153806,150.07582825343414,308.44406317428604,2887273995
166,25,16.394079938237454,256.1149695799976,150.99925819727804,308.44406317428604,1467926514
166,26,16.265261058081556,256.4489657483473,150.07582825343414,305.7311352320848,1096351412
166,32,16.18026716918069,256.0490577685922,151.85760249305088,306.82157834127577,322996069
167,-1,16.426431148631767,256.9849337595268,150.1107137507479,311.3764800404396,2887273972
167,25,16.5001473085499,256.86529323151,150.1107137507479,311.3764800404396,1467926512
167,26,16.36479392223529,257.19301158525474,150.2505260188254,309.2665693384319,1096351418
167,32,16.29167351341322,256.82238403916335,159.51171309628862,308.8199810065119,322996042
168,-1,14.876978379823491,254.21030209998042,150.16006627593563,304.41062278395924,2887273961
168,25,14.94773105423262,254.1032687529728,151.65494321805855,304.41062278395924,1467926509
168,26,14.817524468755648,254.39531315060626,150.16006627593563,302.4522485457878,1096351411
168,32,14.749187996990234,254.068752256697,153.9706874630146,301.8899443871262,322996041
169,-1,16.872365741271878,257.77484855461074,150.41230784285267,313.1446333833961,2887273959
169,25,16.94547195635824,257.65052150695095,150.75797660567835,313.1446333833961,1467926510
169,26,16.81167336974865,257.98967665326626,150.41230784285267,311.26603294505065,1096351411
169,32,16.73697149447146,257.6106851789797,153.02526953451442,310.85075051298986,322996038
170,-1,17.13340007587218,257.92398301036116,150.02080720419707,312.2201928488217,2887273977
170,25,17.206884433815958,257.79993003406105,151.00598939331445,312.2201928488217,1467926506
170,26,17.075390253246315,258.14565905675613,150.02080720419707,309.74592224203354,1096351413
170,32,16.986713376929686,257.7353299505944,151.28132736487143,310.87362062340003,322996058
171,-1,17.762598104343105,258.9709829503136,150.11106017280972,314.0494148227858,2887273982
171,25,17.835621988931692,258.8398552298867,150.11106017280972,314.0494148227858,1467926505
171,26,17.707177644666984,259.205827474541,150.47949360455556,311.6871889576186,1096351406
171,32,17.608587622243082,258.7697846268418,161.9930094096985,312.9984978021582,322996071
172,-1,18.12824874782406,259.48739576295395,150.07521758695592,314.68235478727235,2887273982
172,25,18.202727492974443,259.3554397572283,153.0387020750538,314.68235478727235,1467926501
172,26,18.073787649577696,259.725300488309,150.07521758695592,312.6236539392392,1096351410
172,32,17.964234494111654,259.2795744631155,160.9144868671247,313.98903515566167,322996071
173,-1,17.86990353487514,258.8046819357271,150.35461187072733,346.92431108794864,2887273993
173,25,17.942534930388106,258.67356589056817,151.12018878438607,312.94349466825633,1467926500
173,26,17.818291110155,259.0419127936206,150.6055703666391,311.24864301231656,1096351410
173,32,17.704557123012062,258.595330578723,150.35461187072733,346.92431108794864,322996083
174,-1,19.52263327037875,261.62868433907454,150.0295682845765,348.3371678927366,2887273977
174,25,19.598539322488996,261.48588734330866,152.84250331144963,325.4370724287259,1467926499
174,26,19.464677790676156,261.881939423223,150.0295682845765,323.2419520083616,1096351416
174,32,19.363685532940714,261.418028284534,156.29533725635832,348.3371678927366,322996062
175,-1,19.01136488520217,260.90277488283783,150.0885480288675,344.9024918556921,2887274007
175,25,19.086000659609468,260.76403863505345,176.0877398234369,321.2872488915609,1467926498
175,26,18.95404181248038,261.15064845045544,150.0885480288675,319.22778926248105,1096351420
175,32,18.85619185522069,260.6919304614917,152.0733018807854,344.9024918556921,322996089
176,-1,19.812777054006208,262.22158135192876,150.16464490043032,349.2384849822731,2887274094
176,25,19.888599860878525,262.07655423624476,150.3331609835009,327.46045013292246,1467926499
176,26,19.75442439554957,262.479053426038,150.16464490043032,325.11372278515483,1096351416
176,32,19.6554196884243,262.00674683884296,153.49311169249518,349.2384849822731,322996179
177,-1,19.57136664128862,261.9178562733327,150.2732642046515,325.4614589545337,2887274169
177,25,19.647056923598136,261.77501550525045,151.32647237139568,325.4614589545337,1467926499
177,26,19.512661648762403,262.17082658828895,150.2732642046515,323.1903190361594,1096351423
177,32,19.416019006335695,261.70836586345285,155.6893224640773,321.9025295020153,322996247
178,-1,19.454014561846453,261.7931013421777,150.0684779894386,324.3122964242087,2887273972
178,25,19.529539703173576,261.65071291175434,175.54475030611016,324.3122964242087,1467926498
178,26,19.396567659138945,262.0456462596087,150.0684779894386,322.00053023444576,1096351419
178,32,19.2950969960955,261.58299899724466,151.3095188585692,320.8777922408141,322996055
179,-1,20.16352034240372,262.9521022246744,150.23082655559108,329.19490340064755,2887273951
179,25,20.24047144443853,262.80449412738767,150.63739056858472,329.19490340064755,1467926500
179,26,20.103537620961436,263.21119396152267,150.23082655559108,326.706710212982,1096351415
179,32,20.00663439831357,262.7434998049012,158.4069924354962,325.43264910952274,322996036
180,-1,19.736325920611723,262.20569276237484,150.18660139634306,349.8776840144575,2887274149
180,25,19.812036610545977,262.0614586352413,175.8738350522865,326.0898956508869,1467926498
180,26,19.67923545405522,262.4627565790463,150.18660139634306,323.8134346156988,1096351418
180,32,19.57515580847855,261.9886401294759,151.9137930101788,349.8776840144575,322996233
181,-1,20.627195116936893,263.47768952735424,150.01761444869317,349.148564284129,2887273976
181,25,20.703450266920132,263.3257671122999,175.38472432966316,333.3996904544144,1467926498
181,26,20.567401455061155,263.7439449698382,150.01761444869317,330.9255299997182,1096351417
181,32,20.47260312008485,263.26437858870213,169.09249039053336,349.148564284129,322996061
182,-1,20.278464247589152,262.9456163396036,150.05231599202656,347.9121439691239,2887274033
182,25,20.355005005426943,262.797403869862,175.48362457409095,330.48979414812607,1467926498
182,26,20.2194791322444,263.2072659810422,150.05231599202656,328.2270259509673,1096351422
182,32,20.1199287903556,262.731078325057,150.20572722327898,347.9121439691239,322996113
183,-1,20.572147961033362,263.4405773390468,150.1778362008649,348.56689958127885,2887274032
183,25,20.64862706543145,263.2894465462413,175.5538849221145,333.17780784420654,1467926498
183,26,20.51297853038626,263.70544124273397,150.1778362008649,330.8168210528892,1096351418
183,32,20.414467951184353,263.22839206013305,170.70719146667085,348.56689958127885,322996116
184,-1,20.703634660342836,263.6646181752663,150.05539076955893,349.41670226540094,2887274039
184,25,20.78141574345778,263.51373161500845,175.7379905917458,334.0790988444359,1467926498
184,26,20.64342373424839,263.9293381832351,150.05539076955893,331.65162740497243,1096351424
184,32,20.543599853735984,263.45181135163705,170.1534253745184,349.41670226540094,322996117
185,-1,20.51962446100633,263.4540313056789,150.29437940064884,332.2662706995354,2887274026
185,25,20.596722058839177,263.3035105550094,175.65195757867872,332.2662706995354,1467926498
185,26,20.46052087678939,263.71875678033723,150.29437940064884,329.9085560714137,1096351422
185,32,20.358850672734846,263.2395434190206,155.1486702757598,328.1562232858877,322996106
186,-1,21.093360505756845,264.3329691689373,150.04938195889335,349.8590261377844,2887274078
186,25,21.171709776575085,264.1789209033457,150.53648599350072,336.90984091779166,1467926508
186,26,21.03132373145809,264.60201045530687,150.04938195889335,334.35813410180253,1096351423
186,32,20.93684912704653,264.1198636405183,164.94685915076852,349.8590261377844,322996147
187,-1,20.73511199044868,263.8791041961734,150.07820792031606,349.55901226758573,2887274002
187,25,20.812831462518098,263.7271818896068,150.19246464164965,333.3594861103971,1467926517
187,26,20.67456028678699,264.1455820774223,150.07820792031606,330.95843992991126,1096351429
187,32,20.5764146293999,263.6650377322433,155.21153051896516,349.55901226758573,322996056
188,-1,20.84461820595214,264.1505436096959,150.05546639475142,344.3176059062567,2887273919
188,25,20.923458388105743,263.99771720832524,157.7284735167087,333.14085399397663,1467926499
188,26,20.782068686621166,264.417008323922,150.05546639475142,330.6538912501039,1096351428
188,32,20.68765334267223,263.94063064695376,166.36795487288336,344.3176059062567,322995992
189,-1,20.68187827112636,264.0012975321281,150.35619754812512,349.46310262014975,2887274018
189,25,20.760877727038512,263.8492392229252,175.17945547204576,331.087140705073,1467926498
189,26,20.6191384971093,264.265362994901,150.35619754812512,329.02963463471525,1096351428
189,32,20.524921284233663,263.79603769301985,168.11354245510228,349.46310262014975,322996092
190,-1,20.65684240655508,263.9263567214347,150.023804532155,349.90782549539364,2887273926
190,25,20.73571692186224,263.77509341668133,154.35659967437527,332.66442709893016,1467926499
190,26,20.593657025060935,264.1886457400453,150.023804532155,330.21664282532083,1096351426
190,32,20.50209398096954,263.72351357167025,168.14780045185782,349.90782549539364,322996001
191,-1,20.014782446227713,263.14128643567193,150.1242006168546,338.1491675420603,2887273957
191,25,20.09360939591605,262.9944831627885,173.07735924304504,328.9610754652737,1467926499
191,26,19.948781627643935,263.3919003176443,150.1242006168546,328.93068591907837,1096351426
191,32,19.870354302101973,262.95780284268994,169.63101105402703,338.1491675420603,322996032
192,-1,19.716844525480006,262.81249934749394,150.25371792303082,326.69135947977173,2887273954
192,25,19.796256761814647,262.66789265713254,175.21957849629766,326.69135947977173,1467926498
192,26,19.651382210903286,263.06028443557716,150.25371792303082,326.6663401828234,1096351425
192,32,19.567927897720804,262.62863472952824,158.37899888328937,325.9762699748107,322996031
193,-1,19.931747003234,263.21406675374135,150.44418542279237,327.55903194468726,2887273948
193,25,20.012006045856644,263.0673625548384,175.20285333041227,327.55903194468726,1467926498
193,26,19.86493958480257,263.4642315842395,150.44418542279237,327.54885535364696,1096351418
193,32,19.783474720057562,263.0316571267619,158.12089874289936,326.96818527437955,322996032
194,-1,20.56495764599558,263.91416071028124,150.01341548673918,344.1744674022556,2887273948
194,25,20.644370685084148,263.76348979706574,175.25704688496975,330.65567091292314,1467926498
194,26,20.500708813205218,264.1743549585479,150.01341548673918,329.32630703281245,1096351418
194,32,20.41146542607285,263.7157356501996,158.7954173515832,344.1744674022556,322996032
195,-1,21.199596413641164,264.55910518120913,150.00539501801447,344.87216679282193,2887273921
195,25,21.27768296595025,264.4039773231543,175.3154744179485,337.3095827999669,1467926498
195,26,21.137692477239284,264.82857713186667,150.00539501801447,334.8091510460714,1096351419
195,32,21.043874762552555,264.349444190891,165.64229073592975,344.87216679282193,322996004
196,-1,21.497053977926555,264.9801445841385,150.1109355805536,348.62267716561416,2887273929
196,25,21.575832858388747,264.8234522785548,175.07717998262922,339.8805777528304,1467926498
196,26,21.43403528669425,265.2516387908808,150.1465617915117,337.3417484363372,1096351422
196,32,21.341967988840533,264.77072938908066,150.1109355805536,348.62267716561416,322996009
197,-1,21.55308756377831,265.1127250207532,150.05784543392846,347.2846398275497,2887273889
197,25,21.63173555030936,264.9555915849934,174.81652309074357,340.15400555133476,1467926498
197,26,21.489538991716145,265.3839248048021,150.05784543392846,337.5106598341582,1096351420
197,32,21.40046496225875,264.90631398080853,159.62101147636517,347.2846398275497,322995971
198,-1,21.62584628469647,265.19286330614904,150.01877277361498,349.588135518633,2887273949
198,25,21.704828056455135,265.03545676202,175.0686163384061,340.9500560330603,1467926498
198,26,21.561218244520344,265.4645281052974,150.01877277361498,338.2162578064662,1096351423
198,32,21.475374083556538,264.98611509177266,158.05729976888676,349.588135518633,322996028
199,-1,21.63101578686125,265.1945355912817,150.31628271112402,346.45102335980084,2887274026
199,25,21.71021604822038,265.0365062818759,174.88052360515567,340.87476624878343,1467926498
199,26,21.565050624365075,265.46679907338284,150.31628271112402,338.15963809845124,1096351423
199,32,21.484060141909683,264.9885855991135,156.20734660481588,346.45102335980084,322996105
200,-1,21.390266179801056,264.92699362561996,150.02017366314774,348.1704523018623,2887274034
200,25,21.469798215388266,264.7706484628207,159.26146252621285,338.7798386103176,1467926499
200,26,21.32427596759328,265.19673675511183,150.02017366314774,335.9712239347862,1096351427
200,32,21.241922693134082,264.72194453729355,160.02616070385642,348.1704523018623,322996108
208,-1,20.24599400842461,263.7187291902577,150.56989704948205,343.88493268906933,2887274028
208,25,20.32687222124432,263.57080832934156,167.4433558020043,329.5093116777669,1467926499
208,26,20.176270491080178,263.9694684029863,150.56989704948205,329.7104546795174,1096351429
208,32,20.104940169002287,263.5398993446724,152.1497209058336,343.88493268906933,322996100
211,-1,21.937206372260363,265.6882135057854,150.06957070179678,343.7141886294242,2887273920
211,25,22.01638815017604,265.5284921770195,153.95119813756858,343.7141886294242,1467926500
211,26,21.86941589430344,265.96147634790367,150.06957070179678,340.903944720639,1096351427
211,32,21.796648185950264,265.48656104815973,168.82024901709298,339.99741430896216,322995993
216,-1,18.165033204344834,260.8417329410009,150.16233755590028,347.0589458627073,2887274025
216,25,18.2451098084484,260.71035872310904,150.47929457288652,323.4259139744579,1467926546
216,26,18.09252197892873,261.0576574518956,150.16233755590028,323.77658735894346,1096351430
216,32,18.038476297808405,260.70587541418655,159.0020180005268,347.0589458627073,322996049
224,-1,22.212227509103926,266.10397834698557,150.2906717684253,348.82270882835667,2887273957
224,25,22.291359468684718,265.9430226204027,152.47944152270435,346.5049723370423,1467926546
224,26,22.144713725932323,266.3802670199981,150.2906717684253,343.56038168963784,1096351420
224,32,22.070878571079025,265.89766527480396,166.35083040738806,348.82270882835667,322995991
234,-1,18.400552079504322,261.1612868976904,150.5259527081881,324.02815119391073,2887273978
234,25,18.48054797397534,261.0296380258127,174.58362510818574,323.8330811061976,1467926548
234,26,18.325950495358033,261.3780555608036,150.5259527081881,324.02815119391073,1096351413
234,32,18.281538338438818,261.0238122734916,154.76772957950055,323.04156696673584,322996017
236,-1,20.26695313073726,263.83494574518573,150.21377603938683,340.5002216405923,2887273978
236,25,20.347714739453185,263.6873395106969,174.2249226842786,331.37893303806254,1467926548
236,26,20.194990464503476,264.08432859811336,150.21377603938683,331.65234926608775,1096351401
236,32,20.134166441144846,263.65928993259945,161.52953685136535,340.5002216405923,322996029
238,-1,18.0901560068494,260.78038786351476,150.0109910888289,323.51646354662887,2887273980
238,25,18.170539856908842,260.65106589762667,174.364629224032,323.3371757296238,1467926548
238,26,18.0148870171114,260.99180856550817,150.0109910888289,323.51646354662887,1096351415
238,32,17.971830056885562,260.65049078548367,160.04106894331235,322.46850897302687,322996017
239,-1,17.12418259546254,259.332689456096,150.0236697172795,319.30790782765035,2887273948
239,25,17.202861298740928,259.2094928735949,167.44792063816445,319.30790782765035,1467926548
239,26,17.050956410393717,259.5323828702247,150.0236697172795,319.0462480207053,1096351402
239,32,17.00703701476259,259.2147603773771,151.98532915245514,318.0518404679054,322995998
242,-1,21.91973320863834,265.8441253394576,150.21808921955343,348.386352480485,2887274087
242,25,21.9997566635141,265.68553430246135,154.752930762131,344.12059941126,1467926546
242,26,21.849781961812834,266.11623787504493,150.21808921955343,341.18613767840833,1096351397
242,32,21.78273571834797,265.641240671683,166.87618773834797,348.386352480485,322996144
246,-1,19.28171910599247,262.7680283102723,150.28961466493942,348.67951257638856,2887273912
246,25,19.36464494734789,262.62803096949233,174.33442002673635,327.67372632749516,1467926498
246,26,19.207145419561453,263.0027359381327,150.28961466493942,327.7175233912981,1096351400
246,32,19.148384380847094,262.60760456518256,157.88358477642072,348.67951257638856,322996014
248,-1,21.428314512893923,265.32050182760025,150.41845434655826,349.51196644168004,2887273965
248,25,21.508904983081912,265.16490185058956,174.41358677238935,339.52670750753623,1467926498
248,26,21.35849300674987,265.5884736811543,150.41845434655826,337.51170684439796,1096351392
248,32,21.288306623162192,265.1180783606321,161.84340767460932,349.51196644168004,322996075
255,-1,21.010972923949957,264.83004933920205,150.19652977255336,340.50729587068383,2887273913
255,25,21.090924640934826,264.67593022458334,173.9954778607442,336.6278021878573,1467926498
255,26,20.941319219359386,265.0924857576088,150.44659427892046,336.72427613597694,1096351390
255,32,20.873514294585828,264.63968476765734,150.19652977255336,340.50729587068383,322996025
264,-1,20.151772470617676,264.02360597041144,151.07001406248523,331.8519630773773,2887273916
264,25,20.23408875617838,263.875795923571,174.22837746519022,331.8519630773773,1467926498
264,26,20.079647536469217,264.2738891655915,151.07001406248523,330.83194294551123,1096351391
264,32,20.012274531132096,263.84582036330875,155.3254430806423,331.57807351976163,322996027
266,-1,22.165617868214692,266.28447649683744,150.1438062071679,347.8669661046333,2887273881
266,25,22.245534401566974,266.1228218066062,174.18533296451022,346.11701679468626,1467926498
266,26,22.096900663282295,266.5625650690001,150.1438062071679,342.9662550814512,1096351392
266,32,22.024615036868653,266.0752305874248,163.45238767289024,347.8669661046333,322995991
268,-1,22.37744070454225,266.527634133301,150.34374663528152,349.27115642135186,2887273894
268,25,22.457320704085525,266.36475045581466,173.7848855140745,347.88539123181016,1467926498
268,26,22.308061998618292,266.8079034588676,150.34374663528152,344.81448903116205,1096351393
268,32,22.238812471145778,266.31657146195795,162.2409629157518,349.27115642135186,322996003
275,-1,22.52276857419396,266.75540500504206,150.23745208889284,349.1706078486398,2887273906
275,25,22.602110015427545,266.59041434246257,174.3393316088686,349.1706078486398,1467926498
275,26,22.452563278454278,267.0376319353499,150.23745208889284,346.0398280294818,1096351395
275,32,22.389371354707684,266.54727326185974,160.98370516079535,347.17024734198475,322996013
279,-1,22.543121486916284,266.83587767206166,150.41835399218874,349.931664856648,2887273928
279,25,22.62255963272417,266.6705925554799,150.41835399218874,349.20355222524086,1467926519
279,26,22.473096931179743,267.1186673217025,151.34834796790983,346.0464451563129,1096351395
279,32,22.408636179570458,266.6271741025838,159.17194268720306,349.931664856648,322996014
283,-1,22.396991152598314,266.73621667754134,150.1264399242602,347.7453353025986,2887273960
283,25,22.477130687708343,266.57320877930704,172.90750461765126,347.7453353025986,1467926548
283,26,22.326338077776033,267.01558962501747,150.1264399242602,344.62130612204663,1096351399
283,32,22.261588293611837,266.5287611741933,159.30887583693843,347.44754560881796,322996013
285,-1,20.890926170073868,265.0724369858375,150.2527975624862,348.7694072063254,2887273954
285,25,20.97269145423987,264.9193510993524,174.0993428314244,335.11249977061465,1467926548
285,26,20.819044207876104,265.3327192010347,150.2527975624862,335.992487293958,1096351400
285,32,20.752816152144092,264.8846887381672,153.83541820679727,348.7694072063254,322996006
291,-1,22.633435995306172,267.03138546276483,150.73015570834676,349.7416913834049,2887273974
291,25,22.713540114664443,266.86595186165516,173.91313753944533,349.59387592489634,1467926548
291,26,22.562455887260874,267.31469684997603,150.73015570834676,346.4447990561103,1096351397
291,32,22.499155184568824,266.8215857932001,157.8874694629971,349.7416913834049,322996029
295,-1,22.64430274188506,267.0601062384337,151.2620696053294,349.9335465585251,2887273976
295,25,22.724441123627688,266.89413562020786,173.94276326236158,349.64902361110416,1467926548
295,26,22.572489985523937,267.343394772825,151.2620696053294,346.53810821656316,1096351397
295,32,22.512710471066384,266.85282473238857,156.64614938899086,349.9335465585251,322996031
301,-1,22.598729672633063,267.02606016657955,150.23696588216137,349.8701056719376,2887273972
301,25,22.679175555256247,266.86096487433156,173.83238946221704,349.2010967646551,1467926548
301,26,22.52662892616312,267.30827476658453,150.23696588216137,346.05858195679195,1096351396
301,32,22.46675635073109,266.8184458232652,156.56555555083492,349.8701056719376,322996028
305,-1,20.720580976792863,264.9706638345901,150.84547225834942,349.5507545268119,2887273994
305,25,20.803070216060316,264.81834976312973,174.2107410113875,333.6162525727478,1467926548
305,26,20.6467515705425,265.2276952623013,150.84547225834942,334.2133666914921,1096351397
305,32,20.58592157827943,264.7904421387091,155.96483015500525,349.5507545268119,322996049
311,-1,22.4949466569254,266.8487505453824,150.42262781429758,349.79463538956185,2887273927
311,25,22.574951302020114,266.68358420983657,150.42262781429758,348.6828715002961,1467926517
311,26,22.42179302720295,267.1271088965781,150.61093881831846,345.5103023258292,1096351396
311,32,22.36881085198774,266.6545483864104,157.7700881171134,349.79463538956185,322996014
332,-1,22.620182634660207,267.1734077277275,150.79194261975272,348.7406994326754,2887273927
332,25,22.700122045957016,267.00762749654024,174.23590604631593,348.7406994326754,1467926498
332,26,22.548603774247415,267.4572554924689,150.79194261975272,345.7794446860512,1096351398
332,32,22.488651975378268,266.96336273343144,150.90359372010775,344.8824369706689,322996031
342,-1,22.68473149582754,267.2610299298468,150.12686810013145,348.84873398298765,2887273936
342,25,22.764441677794082,267.0941206283624,174.51048421729837,348.76005105123244,1467926498
342,26,22.612997932095993,267.546894681323,150.12686810013145,345.9227567757336,1096351398
342,32,22.55467051527971,267.0492699543736,150.68470357721523,348.84873398298765,322996040
389,-1,22.668396241828052,267.4066535133794,150.4030118904089,348.90165857931504,2887273932
389,25,22.74679306422414,267.23733275203335,153.59851155623699,348.06155711205537,1467926490
389,26,22.59596461338475,267.6938746826218,150.4030118904089,345.3154263918818,1096351400
389,32,22.546643866398377,267.20124882881777,151.95082924934874,348.90165857931504,322996042
400,-1,22.712058442422514,267.644021717795,150.93173507859623,348.9991232362332,2887273937
400,25,22.79055926835695,267.47494477086747,150.93173507859623,348.32867198550434,1467926485
400,26,22.6397334517789,267.9316455770007,152.03195760690997,345.6346445137727,1096351401
400,32,22.589456588546103,267.43614210937426,159.2632377974662,348.9991232362332,322996051
402,-1,22.70712039852672,267.6715952733942,150.2620175560086,349.72929236095854,2887273937
402,25,22.785686650307348,267.50239308524056,151.71450257253377,348.25556548352995,1467926483
402,26,22.634954637075804,267.9594562190373,150.2620175560086,345.56702999683847,1096351401
402,32,22.583657696770306,267.46348010464123,153.43839070926964,349.72929236095854,322996053
404,-1,22.697989714062015,267.68726422048337,150.47695829324147,349.2606774375259,2887273947
404,25,22.776826875159262,267.518170283846,150.47695829324147,348.2065338557923,1467926492
404,26,22.625532340034063,267.9751495601931,151.31812267037446,345.45206439957684,1096351402
404,32,22.574269576346563,267.47857428154026,158.1813150435855,349.2606774375259,322996053
406,-1,22.68947990773658,267.6939740280677,151.27288550826358,349.18298166376456,2887273933
406,25,22.768504308753123,267.5248699634728,151.27288550826358,348.1212017263242,1467926480
406,26,22.616450179720967,267.98124142261815,152.82381970590674,345.3875318842023,1096351401
406,32,22.56689010867479,267.48742761435983,168.71645625220376,349.18298166376456,322996052
410,-1,22.379032173062427,267.40091092769535,153.126835274452,349.5187430806045,2887273912
410,25,22.45885584526675,267.2338137429048,154.36856608858668,345.2127649493512,1467926479
410,26,22.305812727854317,267.68442403364975,153.126835274452,342.56485942451974,1096351401
410,32,22.25352968007807,267.1979870453535,165.2022058574155,349.5187430806045,322996032
427,-1,22.54443367934226,267.6408254404421,150.41270536421857,349.76913721241925,2887273980
427,25,22.624480134042127,267.4735372574174,156.0123940446496,347.1725294417001,1467926537
427,26,22.468175414589574,267.92196861360225,150.41270536421857,344.57119102638177,1096351401
427,32,22.42850222362252,267.4468139342972,168.30938107248383,349.76913721241925,322996042
439,-1,22.477619427287976,267.7140235263225,150.82174886771944,349.2245312014115,2887273969
439,25,22.557523830104067,267.54745206280916,158.02731163955536,346.76114777713144,1467926540
439,26,22.401481830471063,267.99453635040175,150.82174886771944,344.1807859270294,1096351396
439,32,22.36193752486188,267.51889433667895,151.0130726594187,349.2245312014115,322996033
440,-1,22.065349614137304,267.3076208590438,150.88170879656,347.34594950384997,2887273963
440,25,22.145509954633365,267.14330773688357,152.10859321530117,343.88753031086316,1467926541
440,26,21.989901602223057,267.5843817619865,150.88170879656,341.20976892633496,1096351394
440,32,21.94620371429168,267.11496335462294,163.61287382858626,347.34594950384997,322996028
441,-1,21.475437930556414,266.6313217521638,150.27747640066124,348.58656925173216,2887273966
441,25,21.556557978423392,266.4718598421786,154.88650507050355,339.8096815347864,1467926541
441,26,21.400247268511194,266.90048743323655,150.27747640066124,337.7700825863231,1096351393
441,32,21.351241673049568,266.44239745155147,153.34434264224512,348.58656925173216,322996032
445,-1,22.46046086671372,267.70196167019725,150.06167884488403,349.59218379770834,2887273937
445,25,22.540329131302148,267.535249856512,150.06167884488403,346.4814376245776,1467926503
445,26,22.38394680859592,267.9825163244523,150.7735812186223,343.9952931060392,1096351394
445,32,22.346214043416907,267.5073283347115,158.74579933546661,349.59218379770834,322996040
449,-1,22.474978586464225,267.7623444506342,150.4393216699799,349.43923521267243,2887273934
449,25,22.55490403844811,267.59482679090564,152.3958883011856,346.5702912694416,1467926496
449,26,22.398318304811184,268.0439474677344,150.4393216699799,344.0374680031076,1096351395
449,32,22.36090270512239,267.567814979663,158.14538781200164,349.43923521267243,322996043
455,-1,22.584738983793848,268.05530866723745,150.6678703604452,347.81027749527055,2887273947
455,25,22.665063585238276,267.88610914555863,153.92317036930817,346.9485507820061,1467926498
455,26,22.508703656911194,268.34168682510807,150.6678703604452,344.5155439970226,1096351392
455,32,22.466424215416772,267.85221445207003,161.57063566464743,347.81027749527055,322996057
458,-1,22.593609340675794,268.12084019453806,150.32509873222284,348.32179207892636,2887273951
458,25,22.673801576856047,267.95128209879977,165.6333072399191,346.879890617334,1467926498
458,26,22.51790858685681,268.407904631508,150.32509873222284,344.4281249146335,1096351393
458,32,22.474719798374146,267.9170461492851,165.20291735481246,348.32179207892636,322996060
461,-1,22.557933075128386,268.13031524223527,150.80628558879107,349.8240147574566,2887273949
461,25,22.63838024261239,267.960920800464,174.61931891137044,346.4354265624716,1467926498
461,26,22.482822141286068,268.41851668779356,150.80628558879107,344.0058272140455,1096351392
461,32,22.43576425701276,267.9219180669486,164.52804919865986,349.8240147574566,322996059
464,-1,22.574134450731403,268.1580799660429,150.33244475035738,348.58042949767156,2887273958
464,25,22.654710613948357,267.9882977817176,156.2391529883036,346.4722373985304,1467926507
464,26,22.49838871521391,268.4463602306777,150.33244475035738,344.10153421439435,1096351392
464,32,22.453538621673964,267.9511774396223,161.6090229777993,348.58042949767156,322996059
467,-1,22.31683181377425,267.9222865320196,151.53023148788134,349.5941673100174,2887273940
467,25,22.397985481165055,267.7544186097419,158.64287114208815,344.5932644246862,1467926507
467,26,22.241960791546774,268.20889442855866,151.53023148788134,342.1251355019983,1096351393
467,32,22.190589659057647,267.712360757608,165.81372034165742,349.5941673100174,322996040
470,-1,22.53036635592532,268.1307764368179,150.35608448108263,348.3457452892198,2887273955
470,25,22.6111067972536,267.9613195991416,154.36657720048493,346.1321320182081,1467926507
470,26,22.45481221763232,268.41973660384076,150.35608448108263,343.8194275663964,1096351395
470,32,22.408289247329936,267.92008748949047,155.37829331025515,348.3457452892198,322996053
473,-1,22.26457735951079,267.8760901112605,151.1985874556921,347.8625405731312,2887273920
473,25,22.345783433223833,267.7085574816432,174.58772994825605,344.039259358478,1467926498
473,26,22.19031155141955,268.16393000645877,151.1985874556921,341.6570609457843,1096351392
473,32,22.135910751827865,267.66045871950945,154.5617829665262,347.8625405731312,322996030
475,-1,22.21552041867694,267.7190114604134,150.05400748520836,348.9785252354026,2887273926
475,25,22.29587733109429,267.5517348439249,156.53638479766977,343.953787141156,1467926507
475,26,22.14224673373064,268.00781170998135,150.05400748520836,341.68371119632354,1096351395
475,32,22.087270323764606,267.4989568100022,166.8793162712523,348.9785252354026,322996024
482,-1,22.430251025065132,268.05118495416957,150.45089225302615,348.5008901788131,2887273981
482,25,22.511261530880276,267.88253776587067,174.55241101856035,345.29187400337383,1467926548
482,26,22.354333564878182,268.33986906567156,150.45089225302615,342.96278834285687,1096351394
482,32,22.30813309327603,267.8377534107528,164.65677605645308,348.5008901788131,322996039
486,-1,21.83831813195993,267.4539704372488,150.63967971354384,348.0161856082089,2887273955
486,25,21.92001959638653,267.2898940314026,156.51655083489308,340.6326936215442,1467926557
486,26,21.7627859398787,267.7340123576968,150.63967971354384,338.2877400190011,1096351396
486,32,21.712028173434458,267.24910029491514,163.6972378836396,348.0161856082089,322996002
487,-1,22.061398911010254,267.79393824588965,150.44331201509286,349.33174549126653,2887273968
487,25,22.143143584516817,267.6281826100544,174.69155313275675,342.22675342511826,1467926548
487,26,21.985084112744573,268.0760369457134,150.44331201509286,339.8829571197603,1096351396
487,32,21.937547867159,267.58971837896496,150.72752375326823,349.33174549126653,322996024
490,-1,21.87615039825474,267.5879690810678,150.08221598029377,348.98241929823126,2887273974
490,25,21.958190149533397,267.4239998749497,174.4503838302702,341.42935578892684,1467926548
490,26,21.80044904315436,267.8674033133133,150.08221598029377,339.1015159428074,1096351395
490,32,21.748948578368722,267.3846744479585,166.3767106649495,348.98241929823126,322996031
493,-1,22.543491998432,268.3224927389087,150.221605318612,349.579733051185,2887274009
493,25,22.62444976756552,268.15373032918984,174.19251248704677,345.7928753484016,1467926548
493,26,22.466363875154105,268.60991805791815,150.221605318612,343.4983562351715,1096351394
493,32,22.425888065358915,268.1138576051683,162.19204382941987,349.579733051185,322996067
496,-1,22.31972664582077,268.14644439684884,150.24859520886167,349.94985781087496,2887274004
496,25,22.40137227151465,267.97908767177375,174.7607809650645,343.8782490378236,1467926548
496,26,22.242959377191152,268.431626771073,150.24859520886167,341.64797167659475,1096351397
496,32,22.19778346476837,267.9390340808721,154.5582147912642,349.94985781087496,322996059
499,-1,22.619271272452046,268.51061321369986,150.14167024286968,349.1192360359069,2887274021
499,25,22.700803861010176,268.34175681289577,174.50679091797062,346.08015578508184,1467926548
499,26,22.54099202638698,268.7981144724266,150.14167024286968,343.82134974189313,1096351396
499,32,22.502979734912177,268.302147484202,159.9672865367856,349.1192360359069,322996077
501,-1,22.62631387316299,268.51412935808895,150.10912600256253,349.6688614322435,2887274019
501,25,22.707600876797542,268.3446716924243,174.46075206799668,346.10299289013875,1467926548
501,26,22.54826157326388,268.80225160662695,150.10912600256253,343.85126414384905,1096351394
501,32,22.51033849313489,268.3062883735808,152.5162993868194,349.6688614322435,322996077
503,-1,22.57533413211636,268.4438193465275,150.01069505151173,348.46536145992354,2887274012
503,25,22.65648610676013,268.2746581909222,150.01069505151173,345.7013639785259,1467926550
503,26,22.497448295186626,268.7321059216564,152.0833949679853,343.45973537608,1096351392
503,32,22.459371044104714,268.2340730285747,161.06336302121443,348.46536145992354,322996070
505,-1,22.413638543033503,268.2362667822979,151.02041658449855,349.26504664635877,2887274001
505,25,22.49470808690135,268.0683178606914,174.49818013728023,344.55139272593425,1467926548
505,26,22.33662044151877,268.52317404926254,151.02041658449855,342.3909814162599,1096351396
505,32,22.295113481633887,268.0256929983422,157.3245099578562,349.26504664635877,322996057
511,-1,22.30064869797541,268.09681954098266,150.32389408103617,348.27866254718515,2887273956
511,25,22.381635480163037,267.929607383511,154.46835843338923,343.48248519642385,1467926517
511,26,22.22332210219974,268.383217557895,150.32389408103617,341.46097591344915,1096351392
511,32,22.18352575308309,267.88462590819057,162.36244815131218,348.27866254718515,322996047
513,-1,22.241930145596072,268.05541338996983,151.01923757419786,349.1096275611229,2887273904
513,25,22.322950727413463,267.8883607322415,174.55958658103202,343.03965885137086,1467926498
513,26,22.164663602875063,268.34193955369784,151.01923757419786,340.94447251722977,1096351393
513,32,22.124406082707623,267.84205987128905,163.12051659971317,349.1096275611229,322996013
514,-1,21.923985012917328,267.65473450459876,150.1687517832229,346.8218878807303,2887273890
514,25,22.005056660124875,267.4898825405808,175.124070210763,340.8668266273022,1467926498
514,26,21.847851289535587,267.9375919302616,150.1687517832229,338.7829674919679,1096351394
514,32,21.802467802509764,267.44383230419623,165.55930311004866,346.8218878807303,322995998
518,-1,21.706182192155296,267.4316840924795,150.14319320580557,347.27586792781176,2887273880
518,25,21.78770326829009,267.26814898328075,175.22503162816682,339.2942819203488,1467926498
518,26,21.630153205516397,267.71273237665326,150.14319320580557,337.28884635254974,1096351391
518,32,21.582258175078273,267.22093795617224,166.79649543588647,347.27586792781176,322995991
519,-1,21.509704455210105,267.27822814269996,150.91541128506012,344.950959699483,2887273904
519,25,21.59198771972056,267.11599965422147,153.65864762821465,338.13794136297884,1467926507
519,26,21.433973876726615,267.5580519252294,150.91541128506012,336.0118163596885,1096351388
519,32,21.38124396345086,267.06570014845016,167.7326011213211,344.950959699483,322996009
520,-1,21.75814687344878,267.5055650069657,150.33645009993592,349.79218725955604,2887273903
520,25,21.839773268668583,267.34159169182874,175.4139328755155,339.7932976339576,1467926498
520,26,21.681791839580224,267.78716878313577,150.33645009993592,337.7861456431698,1096351392
520,32,21.634837876290018,267.294924890668,166.46499128541905,349.79218725955604,322996013
522,-1,21.541331321117642,267.2852341927158,150.30408726784762,349.521276644827,2887274022
522,25,21.623815718046192,267.1230771448051,152.3581346033848,338.1087262645159,1467926507
522,26,21.46350753859594,267.5627767705679,150.30408726784762,336.032923767319,1096351394
522,32,21.41926163223939,267.0801247226933,156.12113328132008,349.521276644827,322996121
529,-1,22.19086361814931,268.02653463459603,150.4221768610548,349.4045080605925,2887273926
529,25,22.27189984558524,267.85887021971973,175.75480864754334,342.09641484844263,1467926498
529,26,22.11360193680795,268.3137695800931,150.61839372289685,340.3448486372948,1096351391
529,32,22.073175775911412,267.81355556739163,150.4221768610548,349.4045080605925,322996037
534,-1,22.1908647498074,267.98074953795674,150.64507712042894,349.8949672064289,2887273923
534,25,22.271516797839556,267.8122830914475,176.40094120641803,342.2086153541745,1467926498
534,26,22.113100675794183,268.2675980621446,150.64507712042894,340.4795485267065,1096351390
534,32,22.076683277341726,267.7727271163873,164.12238176651715,349.8949672064289,322996035
563,-1,20.816508019879116,264.37031215112177,150.0374896713623,349.7219168400307,2887273892
563,25,20.890133971770755,264.2046378056356,183.35970825421208,333.6414661535755,1467926548
563,26,20.755056259911022,264.6538088994572,150.0374896713623,332.4657088623356,1096351347
563,32,20.678527204329967,264.1609774458189,168.3431361206577,349.7219168400307,322995997
568,-1,20.008487336166773,262.12948259942146,150.4847353545026,328.6819486589323,2887273974
568,25,20.079779313125336,261.96568650150675,175.92542834735903,328.6819486589323,1467926548
568,26,19.95503406412537,262.40756803616955,150.4847353545026,327.79053128222824,1096351317
568,32,19.853904981893425,261.92997959479084,161.20569031027264,326.7119117322986,322996109
575,-1,19.61512934454303,260.3403199581574,150.0552174978429,325.412088183977,2887273918
575,25,19.68556227084563,260.1744954036528,159.92604111719797,325.412088183977,1467926519
575,26,19.566122154028115,260.6207277284112,150.0552174978429,324.59016474131846,1096351281
575,32,19.448900873083925,260.14215300352726,161.0017406117248,323.7320326817506,322996118
592,-1,17.610108450679956,252.9962439650023,151.16880311832153,311.5107843141275,2887273781
592,25,17.682493681464287,252.82706328498014,189.56997241109443,310.57843049829825,1467926498
592,26,17.572678426931425,253.27462148994516,151.16880311832153,311.15735022160334,1096351113
592,32,17.394008825761734,252.82022111571862,158.36285373156437,311.5107843141275,322996170
594,-1,17.095258812722314,251.0668592873733,150.0842128555927,308.1032718375028,2887273744
594,25,17.170077241931068,250.89915383347554,190.01288545807137,307.3440641118535,1467926498
594,26,17.0594972721544,251.3370511849907,150.0842128555927,308.1032718375028,1096351071
594,32,16.862471954617202,250.9119165958918,153.93059621271425,308.02879431057454,322996175
596,-1,17.405121209397905,251.99682961759905,150.0626564584349,309.7578502587726,2887273744
596,25,17.479152655753246,251.8290257159587,190.21870206864466,309.1019934312699,1467926498
596,26,17.36869606278273,252.2706928995559,150.0626564584349,309.74564466940524,1096351074
596,32,17.17819307475377,251.82987250079177,172.13264066615085,309.7578502587726,322996172
598,-1,16.968998101998302,250.68022947838648,150.386361281988,307.18642782219547,2887273679
598,25,17.046115629985472,250.5133730628501,190.5191433042212,306.44538848375544,1467926498
598,26,16.932417426236892,250.9488627986809,150.386361281988,307.18642782219547,1096351004
598,32,16.728411187276077,250.52671850761897,159.4743500911796,306.8597976216133,322996177
600,-1,16.865225250580924,250.51875250925633,150.90499800239115,306.6238929943468,2887273698
600,25,16.944915217320958,250.35200646761393,190.2458509621005,305.9584964300072,1467926498
600,26,16.826248392184,250.7844687215629,150.90499800239115,306.6238929943468,1096351026
600,32,16.621114442017575,250.37464148636963,152.3705743256152,306.32476204089045,322996174
602,-1,17.00331654750382,250.7986485553151,150.61535580968626,307.08924551433455,2887273662
602,25,17.083819758620034,250.62889938908415,190.3872405011104,306.3437527491766,1467926498
602,26,16.96289406813556,251.06951458250438,150.61535580968626,307.08924551433455,1096350992
602,32,16.760072105212096,250.65070581596837,162.54747017363852,306.6829952453136,322996172
604,-1,16.64847300443392,249.59167141685032,150.05012171459853,304.7956668178448,2887273649
604,25,16.73286689412269,249.4241875816409,190.63540829122164,303.9427149235315,1467926498
604,26,16.60740832580913,249.8540030677259,150.05012171459853,304.7956668178448,1096350977
604,32,16.389813811468894,249.46240176783937,157.1880594236252,304.1527811482928,322996174
611,-1,16.394006138427685,249.98951794345345,150.3057723044605,303.39519008704656,2887273643
611,25,16.476735217156243,249.8268817062172,170.67801530931644,302.4962912705097,1467926527
611,26,16.356510570950395,250.24664241819593,150.4093422838553,303.39519008704656,1096350940
611,32,16.13103925237748,249.85589217356096,150.3057723044605,302.8031277297133,322996176
614,-1,16.204388931253664,249.4353638424567,150.53209154885835,302.2144440667698,2887273723
614,25,16.28675077914795,249.27245853360262,157.668919092478,301.1272062221005,1467926548
614,26,16.168882545144392,249.69150330755508,150.53209154885835,302.2144440667698,1096350995
614,32,15.936187857382548,249.30630432929996,151.1794932259106,301.4605171386701,322996180
616,-1,15.935780198030217,248.89886888797272,150.17912593956788,301.52807437243297,2887273697
616,25,16.02122673899755,248.73780333313232,165.6153277224122,300.4401429770076,1467926548
616,26,15.89759500583182,249.14515512517588,150.17912593956788,301.52807437243297,1096350973
616,32,15.663033525362298,248.79489319299236,152.93366941774414,300.42985909563265,322996176
618,-1,15.865424642717503,248.09736560174903,150.09852578025058,300.421040831057,2887273653
618,25,15.949488118240112,247.93584527203905,152.11338193871273,299.2675137217264,1467926557
618,26,15.828120656942014,248.34634330755566,150.09852578025058,300.421040831057,1096350915
618,32,15.595792734208139,247.986321087266,155.25216538143874,299.114492829156,322996181
620,-1,15.300062757358221,245.74019053885218,150.2459935284212,296.51404896188046,2887273629
620,25,15.389594091144545,245.57723075853667,176.67427796833277,295.16967196690393,1467926548
620,26,15.260085894783831,245.98196601505794,150.2459935284212,296.51404896188046,1096350897
620,32,15.01418596356704,245.66013457005033,150.96874839081286,294.95865838304667,322996184
622,-1,14.899434527554146,244.57039560604488,150.10138488904616,293.9132369824544,2887273579
622,25,14.993943690125539,244.40921522317038,178.0676165798266,292.4538852768076,1467926548
622,26,14.85509991809474,244.8048657717561,150.10138488904616,293.9132369824544,1096350847
622,32,14.60555933292165,244.50704934144798,158.19848053663944,292.403370714343,322996184
626,-1,14.124715475194996,241.05429748932298,150.306257218867,287.35395098088185,2887273479
626,25,14.237188559471816,240.89335951555512,157.39178615773878,285.6033609495735,1467926557
626,26,14.067828812381675,241.2750723946239,150.306257218867,287.35395098088185,1096350733
626,32,13.790228943614247,241.03633565655653,160.68268259678746,285.4214930425389,322996189
631,-1,20.73088610351088,263.6013095268661,153.89778508916692,348.8442872895183,2887273341
631,25,20.810549554572482,263.4302561127959,171.91179648532253,339.3069110043428,1467926548
631,26,20.6635659535372,263.89274929269044,153.89778508916692,329.4047081082486,1096350749
631,32,20.584517463896773,263.3894606228894,166.2930727330886,348.8442872895183,322996044
638,-1,15.310862732994805,245.48526117675308,150.21521713053153,295.60424395762476,2887273845
638,25,15.407520468720094,245.31804627776555,150.6205894598165,293.92159956996545,1467926529
638,26,15.264157678816915,245.7332052690831,150.32732348573435,295.60424395762476,1096351134
638,32,15.014432365948817,245.40360510155293,150.21521713053153,293.8128990842017,322996182
646,-1,14.263419307611152,242.00328739836067,150.9117353264091,288.82301515509175,2887273411
646,25,14.36238879395483,241.8382848013246,150.9117353264091,286.7322846585976,1467926516
646,26,14.214848011822587,242.2362031180885,151.54756021295347,288.82301515509175,1096350707
646,32,13.962634027701489,241.9625883836811,158.50486442920635,286.62270620248165,322996188
648,-1,14.502135928589318,243.52734454485542,150.8153976764994,290.7342211830224,2887273436
648,25,14.59786075360163,243.36382228511945,155.9273120325705,288.66347456296444,1467926526
648,26,14.457516968087738,243.7635299713569,150.8153976764994,290.7342211830224,1096350728
648,32,14.202953323112983,243.4688193898119,160.7874395178204,288.67950992436755,322996182
652,-1,15.013068283267883,245.5984567058552,150.47968551548206,294.76926703496787,2887273413
652,25,15.098504276560739,245.4344687386258,161.6401639197956,292.8895051765201,1467926519
652,26,14.976605237165264,245.8429976331021,150.47968551548206,294.76926703496787,1096350714
652,32,14.733627284793867,245.51368686648286,170.8362604288817,292.80729156207565,322996180
659,-1,16.417258476045557,249.81526491934554,150.04874592797069,303.93827477074643,2887273502
659,25,16.48775933193428,249.6533272243787,168.7869825817827,303.93827477074643,1467926530
659,26,16.386600697045406,250.07204802713133,150.04874592797069,303.5311457130677,1096350794
659,32,16.1875150410766,249.67962329742542,160.7098124675032,302.0589694053885,322996178
673,-1,21.515920975110767,266.4252761305962,150.56224632678007,346.0806906813175,2887274021
673,25,21.596249503884604,266.2570848481534,153.2498176401726,346.0806906813175,1467926536
673,26,21.436288987408865,266.71175435877063,150.56224632678007,334.06380862656465,1096351255
673,32,21.409233713779994,266.217260333113,162.29351947987288,343.9103528555792,322996230
675,-1,21.696923282278856,266.9010809631633,150.12663435590133,349.575444922108,2887273863
675,25,21.778388923406002,266.7315439266521,153.27382248921626,347.8070298231149,1467926535
675,26,21.61461582136108,267.1894913023494,150.12663435590133,334.96882857148813,1096351277
675,32,21.59407555086989,266.6926229064836,154.59678865218493,349.575444922108,322996051
678,-1,21.293703787320855,266.57002366028564,150.76107068159902,348.8505597920359,2887273830
678,25,21.37696951316181,266.40330248038794,158.17919844529882,348.8505597920359,1467926534
678,26,21.211401238044267,266.856440570477,150.76107068159902,331.910831032018,1096351300
678,32,21.182490353892415,266.3555345986976,155.86514962349355,346.10064300847006,322995996
684,-1,21.626761286862415,266.9035899025604,150.06075021266062,347.8188054496122,2887274057
684,25,21.70975807300476,266.7341611557549,175.75552717709863,347.8188054496122,1467926527
684,26,21.542134313897918,267.19338148433076,150.43514015552574,334.19011289124086,1096351311
684,32,21.524626429973583,266.6899513995082,150.06075021266062,333.4444509293692,322996219
688,-1,21.75243768406042,267.04310154578604,150.22716997848417,349.27717249593576,2887273910
688,25,21.83504999126553,266.8726545102933,176.64251790618692,349.27660439970253,1467926518
688,26,21.66696446776151,267.33350550388434,150.22716997848417,335.0323899334663,1096351302
688,32,21.654970824299603,266.83201219714215,162.68254502952635,349.27717249593576,322996090
694,-1,21.858497247064573,267.1751822316812,150.29811241179445,349.6512957431244,2887273818
694,25,21.941481345442547,267.0035014356768,169.25801910447936,336.4324718277741,1467926517
694,26,21.772323240707994,267.46590803456155,150.29811241179445,335.6830442529916,1096351300
694,32,21.761750472332107,266.96860747902093,176.73124887158636,349.6512957431244,322996001
700,-1,21.895569203009533,267.0356141292686,150.4774496991288,348.23060922852875,2887273809
700,25,21.97822801107738,266.86324301909985,150.7925957575819,336.829001908919,1467926523
700,26,21.809955232111626,267.326458832368,150.4774496991288,336.14010583949226,1096351295
700,32,21.798427251427682,266.8317730776584,171.4079279587245,348.23060922852875,322995991
707,-1,20.31398072533827,265.4739445599453,150.1889405129842,349.3322254530369,2887273819
707,25,20.401875229132344,265.31711799480905,150.1889405129842,338.138532953997,1467926510
707,26,20.22608759656677,265.73867058966874,151.1446796355279,326.5798442465787,1096351285
707,32,20.201585423580802,265.28811301415396,157.34743461510683,349.3322254530369,322996024
710,-1,22.133172207804183,267.40588994537893,150.61924737018768,349.80565626795095,2887273816
710,25,22.214797934811894,267.2322474584854,161.54181566841063,338.70280917761704,1467926518
710,26,22.047858633780784,267.696636355784,150.61924737018768,337.7828557435389,1096351280
710,32,22.03988800337435,267.208160609779,173.2856455115642,349.80565626795095,322996018
713,-1,22.06308411682516,267.1262462695647,150.82241574422656,346.31489451826667,2887273790
713,25,22.147351648522626,266.9566848799888,153.4213293222226,338.41529796812245,1467926514
713,26,21.972431942017558,267.41348828012224,150.82241574422656,337.57483999238417,1096351271
713,32,21.976024236014375,266.9218645347191,159.46357012957694,346.31489451826667,322996005
714,-1,21.012574283403335,266.53948897072877,151.40603296785963,336.10020775137167,2673831683
714,25,21.12765515379404,266.37107617591386,158.88272714527267,336.10020775137167,1467905946
714,26,20.854041786138716,266.901572188457,154.41137167283915,335.3997542539668,882929592
714,32,20.90680333644934,266.31509048817884,151.40603296785963,332.4548881417789,322996145
718,-1,16.10209836030181,259.5638239323195,154.854042245058,317.834303144689,2673831695
718,25,16.208136062027364,259.4236538209343,156.13834798940664,317.834303144689,1467905949
718,26,15.955225068432918,259.85108687788994,161.38328967072,314.41691733198826,882929592
718,32,16.00752576800445,259.41559797246833,154.854042245058,315.22234970528297,322996154
720,-1,21.18100099620064,267.00547872931793,150.4369991780017,337.0202612274714,2673831682
720,25,21.298963430777526,266.8357826476907,156.80945511796398,337.0202612274714,1467905947
720,26,21.018044623997408,267.3682275390912,150.4369991780017,336.6857006720832,882929593
720,32,21.074150715737186,266.785092903251,159.76153166601532,332.981758140165,322996142
722,-1,20.86384111959554,266.57828191195017,151.49418884684016,335.0825648530141,2673831682
722,25,20.982096107529607,266.4109899391174,160.3615537931379,335.0825648530141,1467905947
722,26,20.70083523153927,266.93595655375674,167.1816051540433,334.63237200003954,882929592
722,32,20.755894712877296,266.3608407898981,151.49418884684016,331.5642933943018,322996143
725,-1,21.413431407013256,266.9114642002433,153.62601657481315,339.28579498071787,2673831684
725,25,21.5270488811035,266.73925467705067,159.4190225753831,339.28579498071787,1467905948
725,26,21.2554404194882,267.2812514815634,153.62601657481315,338.33327842975325,882929593
725,32,21.312665986433196,266.6832610096072,158.09314199687182,335.354705085303,322996143
728,-1,17.351749383121156,261.38530786078337,150.9833554576434,321.6982262370423,2673831692
728,25,17.460167742521698,261.2382579607787,173.12290659209958,321.6982262370423,1467905949
728,26,17.202273533674415,261.69304360234196,154.75675200628777,319.49297346120767,882929593
728,32,17.252892871417753,261.21238453018293,150.9833554576434,319.1521271276221,322996150
735,-1,20.513410912153272,265.70639955609846,159.1600872132744,333.92539635441693,2673831687
735,25,20.626015961337437,265.5402134498267,168.42472387222375,333.92539635441693,1467905948
735,26,20.361357360645943,266.0673056142753,163.66373717171612,332.9328799583516,882929593
735,32,20.40101256838861,265.4750993808139,159.1600872132744,329.8274465979928,322996146
742,-1,21.605434740094754,267.37521399402294,151.87362531399282,341.34918982699605,2673831687
742,25,21.721555025159688,267.2036878897315,175.12605061276912,341.34918982699605,1467905948
742,26,21.445642719161548,267.7446047793596,155.68403195735942,340.63533004660525,882929597
742,32,21.498257178118607,267.1449887410351,151.87362531399282,336.7827929153169,322996142
748,-1,22.228556522266256,267.9059687562781,159.83323543425868,345.61068397639167,2673831683
748,25,22.34269022217746,267.73111912348475,175.18926865194456,345.61068397639167,1467905948
748,26,22.068650791423757,268.28210291017007,161.3689146170115,344.55050853141773,882929594
748,32,22.13080014710004,267.67241438758276,159.83323543425868,341.55682223949964,322996141
753,-1,22.154728838710867,267.77235776541977,163.06485538284724,345.5240501574176,2673831683
753,25,22.26797405596848,267.59674758272513,174.54918811973437,345.5240501574176,1467905948
753,26,21.99692043756182,268.1485701896449,163.803616299349,344.3861586788654,882929594
753,32,22.05528052039774,267.54204587673365,163.06485538284724,341.4775040020872,322996141
762,-1,19.7869629614604,264.8777750565827,155.1995064721993,348.43992602072007,2673831695
762,25,19.900776950663182,264.7174912940483,155.1995064721993,348.43992602072007,1467905953
762,26,19.632689017910035,265.22080308835774,169.6906213327103,331.47196496519,882929596
762,32,19.675806357591615,264.66852143806346,159.98332622951224,327.93055396789225,322996146
780,-1,19.10001278429726,263.327180397658,155.37179099267112,343.4434559583907,2673831698
780,25,19.20652973090323,263.1732721801174,166.88585207060854,343.4434559583907,1467905953
780,26,18.953974573652555,263.65747261030594,167.85573226076272,329.1929390071311,882929596
780,32,19.00029016824105,263.1237662661426,155.37179099267112,325.4332024035306,322996149
784,-1,15.00563550500335,252.42596116065693,156.11994578535467,319.5951276788084,2673831707
784,25,15.096314709770601,252.2922924639984,182.02539365087307,306.7453781308631,1467905950
784,26,14.880067870253557,252.71622740641274,167.84523179176995,302.45026069048225,882929594
784,32,14.922331534804115,252.23997881707314,156.11994578535467,319.5951276788084,322996163
798,-1,15.02927074222186,252.5693082313738,153.26515717776428,328.0217881679609,2673831709
798,25,15.116741034077103,252.43599774538546,164.62266612443338,305.94599589174993,1467905951
798,26,14.90277209002523,252.8517516464371,172.188716039342,304.43770264591103,882929594
798,32,14.963925169280076,252.40308212697698,153.26515717776428,328.0217881679609,322996164
849,-1,12.931027700272965,245.50296135418148,173.00979085485747,329.56870515061695,2673831721
849,25,13.02195062490614,245.3780570699161,184.35013149734664,292.304631883362,1467905953
849,26,12.800111865771019,245.76236725584673,176.7963639971159,291.2184648740133,882929596
849,32,12.861602373496032,245.36150640985187,173.00979085485747,329.56870515061695,322996172
860,-1,11.445762834075845,241.12284859431847,158.6725229823357,320.7345731388689,2673831731
860,25,11.543340349825748,241.01059211687095,185.5893375549593,281.27861943248934,1467905957
860,26,11.308380456664839,241.35061435315023,184.28497632532802,281.02006803661544,882929598
860,32,11.364165904886196,241.0104039877717,158.6725229823357,320.7345731388689,322996176
862,-1,10.03802562875729,236.61198312023333,169.74574573556686,320.4340543345087,2673831726
862,25,10.135674924954248,236.49468536012813,169.74574573556686,274.11007770197415,1467905953
862,26,9.90027281430053,236.83188866427153,175.24094551434956,270.8267973109505,882929597
862,32,9.955790099012539,236.54393577268914,178.9536636840095,320.4340543345087,322996176
866,-1,6.725223773665994,223.87293615271594,174.23621883489812,324.88712297636323,2673831724
866,25,6.8855287038385775,223.7769069173773,182.46964881444813,275.7998196931111,1467905952
866,26,6.527362368547676,223.99306444006817,174.23621883489812,242.71183258429866,882929596
866,32,6.510578474417082,223.98097788352447,187.0642306326756,324.88712297636323,322996176
874,-1,15.922100722109493,257.1608633361149,150.10499670139262,318.7936462585069,2673831713
874,25,16.01467160473112,257.01771947002,177.37248922258502,318.7936462585069,1467905955
874,26,15.789215194640827,257.4545069753141,175.86727536014868,315.48708407424783,882929599
874,32,15.850696669896038,257.00871004953524,150.10499670139262,316.4911659456065,322996159
882,-1,13.733741530788627,254.26766412138747,157.79118337847274,311.1029213120187,2673831725
882,25,13.820462824362204,254.14015198768703,176.9401203960619,311.1029213120187,1467905963
882,26,13.60727530400007,254.51358620273786,158.72652988503785,309.44134388784533,882929601
882,32,13.673335368762498,254.17491978765514,157.79118337847274,308.1131798195977,322996161
890,-1,10.778406016494612,246.6075249459462,165.94053876342582,296.9695132896288,2673831724
890,25,10.832516889153823,246.51772563069818,167.57378161835032,296.9695132896288,1467905960
890,26,10.706495357512699,246.78481230659725,174.39629175604875,292.2791187634464,882929600
890,32,10.721683343685124,246.53100605463152,165.94053876342582,291.2078456312745,322996164
898,-1,17.736822304927532,261.7758945752487,155.22696827020906,330.0106713440581,2673831864
898,25,17.843582941290162,261.62108430230666,155.22696827020906,330.0106713440581,1467906118
898,26,17.587263890179365,262.0925630169777,173.89579149450645,327.1371253841475,882929600
898,32,17.64550183653907,261.6138214531517,160.0968105753793,329.1990062448753,322996146
906,-1,15.022397244658022,257.30025689925685,158.89336777290282,317.03948839814433,2673831716
906,25,15.119483795782667,257.16615355022174,158.89336777290282,317.03948839814433,1467905963
906,26,14.884298144998086,257.56626404695857,167.50601333092067,315.8300437886778,882929601
906,32,14.945698716086374,257.182563611454,160.01314493399553,315.6220269606295,322996152
907,-1,17.178404102864306,261.14542731885655,157.50013214635112,327.3903492129832,2673831722
907,25,17.28108270005228,260.9945601721677,157.50013214635112,327.3903492129832,1467905976
907,26,17.033074708633702,261.4523010740535,173.26922845054642,323.294105771913,882929600
907,32,17.09456572155733,260.9922083522131,159.32117502190803,326.4133250827828,322996146
908,-1,17.634391160209763,260.79140225850784,156.0730398210415,327.31923573414224,2673831729
908,25,17.737826615382193,260.6424605759676,171.25419653791167,327.31923573414224,1467905981
908,26,17.487134475089952,261.1003507313173,175.20938568372767,325.03934678106697,882929600
908,32,17.552545261813044,260.6237613586627,156.0730398210415,326.54585191314817,322996148
914,-1,16.141964530338374,259.3625272758907,160.47112273107842,325.39582179927066,2673831706
914,25,16.24642529350569,259.21825446466676,175.75496450663002,325.39582179927066,1467905958
914,26,15.990308309116786,259.64569002361014,173.38616697331514,322.41700662257443,882929600
914,32,16.067981579983368,259.24415480413705,160.47112273107842,323.81979684682904,322996148
937,-1,11.177766856394177,247.2316078144752,161.50746776669027,299.07580487981073,2673831760
937,25,11.232852069531848,247.14201601185093,170.2284776680271,299.07580487981073,1467905997
937,26,11.103070402325738,247.40913635871567,174.98907918867195,294.4404602888268,882929601
937,32,11.124426036430679,247.15348656925084,161.50746776669027,294.5586275506916,322996162
972,-1,13.668648523575106,254.85211835643508,151.72717355256108,315.4514508802661,2673831753
972,25,13.758928261163888,254.72881641377617,152.22399738158668,315.4514508802661,1467905999
972,26,13.538595068332196,255.08889631579913,151.72717355256108,313.61031525827514,882929600
972,32,13.602250164603184,254.76523618373676,156.63455772616288,312.1851057035388,322996154
973,-1,12.76587092124706,252.82814429273597,151.24732647238946,311.2883169687405,2673831736
973,25,12.84728647318932,252.71950172264323,163.24628417166684,311.2883169687405,1467905977
973,26,12.650826611681925,253.0376007765019,171.35558575780408,307.6102956518925,882929600
973,32,12.700540430579018,252.74932523955616,151.24732647238946,307.14874155309514,322996159
978,-1,7.690470910282311,235.59333628041355,166.68791870590525,274.0766568413248,2673831756
978,25,7.717498456420567,235.5461486777608,166.68791870590525,274.0766568413248,1467905986
978,26,7.667400874512229,235.68942703386674,174.40132794586927,269.52426188055273,882929600
978,32,7.6276865953916575,235.54511773308178,172.7221635728969,269.3429060848448,322996170
980,-1,12.315929121817957,251.13039226419934,168.163133735572,310.1104196301847,2673831717
980,25,12.381744423355777,251.02075375213948,174.17941776319392,310.1104196301847,1467905959
980,26,12.223485765777049,251.34381139467297,173.17477563274556,305.1916669778236,882929599
980,32,12.260079866488182,251.04526728257554,168.163133735572,305.07133180989825,322996159
981,-1,13.4000953213691,254.07860824263065,150.30542163671288,315.36239331394626,2673831720
981,25,13.483734158900992,253.95860474045026,175.66789104299045,315.36239331394626,1467905962
981,26,13.279072181379478,254.30978461340686,174.1648915928267,313.272218474325,882929600
981,32,13.339821436317884,253.99204806668138,150.30542163671288,311.7594016066497,322996158
988,-1,14.99914945187859,257.8134990011865,162.24800189754114,321.56377721021755,2673831703
988,25,15.099693768115865,257.6780804655769,175.5957707711799,321.56377721021755,1467905958
988,26,14.854058473418958,258.076144969126,173.05594561364668,319.979133749448,882929599
988,32,14.925781438556566,257.71097076883194,162.24800189754114,319.7093646275986,322996146
995,-1,12.511729237603856,252.04752942310702,156.32613372220146,310.266127546877,2673831710
995,25,12.588869306709702,251.94273882305785,174.88016779432627,310.266127546877,1467905953
995,26,12.402476292661325,252.24928993295362,166.03495403054833,306.5668421234371,882929599
995,32,12.45060216218957,251.9722419008874,156.32613372220146,305.7711892809658,322996158
998,-1,7.2255274445624735,234.9895848191737,167.21042749997645,279.84911828061604,2673831862
998,25,7.2524378191890415,234.9427638765686,167.21042749997645,279.84911828061604,1467906092
998,26,7.2053361680250925,235.07607567416508,179.32467294164204,267.75325629052577,882929600
998,32,7.155637145919519,234.96594184805735,173.91705687933478,267.57819423794064,322996170
1000,-1,11.549232291839141,249.42216761739564,170.98736007572694,305.3101153171894,2673831715
1000,25,11.607693270855137,249.32067694642015,175.06655783525923,305.3101153171894,1467905956
1000,26,11.471631614340856,249.61940251869072,171.86997643727958,299.72714938722584,882929600
1000,32,11.487228793311068,249.34425408374528,170.98736007572694,299.01943610881995,322996159
1003,-1,11.51350133611123,249.45671361958358,169.13728436639747,304.6294921395913,2673831716
1003,25,11.57864613419176,249.35933092389726,174.58471579740373,304.6294921395913,1467905958
1003,26,11.42827888468786,249.64688729500938,172.80925285270223,299.16769131152313,882929599
1003,32,11.442055717253934,249.3794330480211,169.13728436639747,298.7596031286489,322996159
1008,-1,9.141733148243619,241.2659191628715,154.40120349799213,283.36007509343233,2673831946
1008,25,9.178198871462412,241.20968863006726,177.23057132737995,283.36007509343233,1467906180
1008,26,9.102018226595838,241.38085704408564,175.85521461580095,278.22940838738896,882929601
1008,32,9.080853945308679,241.20727787531277,154.40120349799213,276.53621556715996,322996165
1009,-1,6.763480404001838,232.60221573704075,153.92911782596627,282.31655423179365,2673831954
1009,25,6.7910937890384115,232.5631957006954,169.08678633264188,282.31655423179365,1467906179
1009,26,6.742294944668077,232.66845314092456,180.1014103317696,265.07549101828425,882929601
1009,32,6.693793771592511,232.5984843859497,153.92911782596627,264.74266776057425,322996174
1010,-1,7.128766456387215,233.768099317673,158.74658947319293,284.431298736027,2673831953
1010,25,7.148309725137551,233.7203552755412,180.83795915692014,284.431298736027,1467906181
1010,26,7.11902601916592,233.85575015877907,176.9242339172522,267.95877543882864,882929601
1010,32,7.063904644177497,233.74548063587474,158.74658947319293,267.7193297641989,322996171
1014,-1,9.6044797494736,243.39062934250708,152.17878276279507,288.0699571485291,2673831858
1014,25,9.643212067508916,243.32214668899866,177.59287408806068,288.0699571485291,1467906093
1014,26,9.563131575126485,243.52819852625467,173.21621768079564,283.5886403221459,882929601
1014,32,9.536623008899333,243.32580566191908,152.17878276279507,280.7356742487533,322996164
1017,-1,6.890671060608984,232.47774831844396,155.90753319899497,267.3331870468666,2673831728
1017,25,6.916255442869874,232.43187644132064,179.08203871024776,267.3331870468666,1467905955
1017,26,6.870636629868999,232.5617039391303,178.46511099193606,265.2195018295954,882929599
1017,32,6.826445352742715,232.45672236997558,155.90753319899497,264.9488378141847,322996174
1018,-1,9.351619399129508,241.61642367332456,158.55290021325885,285.2238441545626,2673831718
1018,25,9.380215866825692,241.53895582353664,166.31805044013876,285.2238441545626,1467905954
1018,26,9.322945413398596,241.76959211990186,172.12532678860137,280.6270025807203,882929599
1018,32,9.29442215118355,241.54979304577927,158.55290021325885,278.01387642255753,322996165
1020,-1,12.659959393021298,252.27410211310075,157.59212068202726,313.4720288562481,2673831720
1020,25,12.730788846400722,252.16111851752706,174.984513534207,313.4720288562481,1467905962
1020,26,12.559418850804065,252.49092502536172,173.93104079725703,308.4379067740611,882929599
1020,32,12.603163879029088,252.1948749374434,157.59212068202726,308.6264238339682,322996159
1022,-1,13.249009386213197,253.8107148963928,159.68395824774169,315.98055372099344,2673831723
1022,25,13.329751842290246,253.6916808395306,163.32006933097844,315.98055372099344,1467905967
1022,26,13.132239567049913,254.0375143176905,172.55954958928467,313.0550360842825,882929601
1022,32,13.190634798321925,253.73171358379457,159.68395824774169,312.1475909221332,322996155
1024,-1,11.536250319552565,249.38071032987295,169.36600449991263,305.3539449100077,2673831724
1024,25,11.59734064331477,249.28760882101366,175.76842480164953,305.3539449100077,1467905965
1024,26,11.454620681471912,249.56574137406446,172.625360634832,300.0460686968711,882929600
1024,32,11.474003113468001,249.2980309391544,169.36600449991263,298.8022715297932,322996159
1026,-1,7.614332174733783,235.71441237616972,169.80140107636643,276.81095951706186,2673831737
1026,25,7.642126143888388,235.66549168928313,180.37440265579997,276.81095951706186,1467905967
1026,26,7.588438163075191,235.81052319225762,177.8033239724614,269.10124898354206,882929600
1026,32,7.555745284298926,235.67401525253322,169.80140107636643,268.95951668543336,322996170
1029,-1,13.389875367476982,254.20390792947327,154.8215227661152,316.3482779722167,2673831716
1029,25,13.472034568100911,254.082161455118,174.8992219122104,316.3482779722167,1467905962
1029,26,13.270725092634862,254.43755216762517,172.3789436764369,313.4801846558261,882929600
1029,32,13.331111145652894,254.11852289366493,154.8215227661152,312.68344182792305,322996154
1030,-1,14.009580822985544,255.66706970458006,162.70610812217927,318.5007054958327,2673831708
1030,25,14.098198548195228,255.53777289872224,174.61468363271334,318.5007054958327,1467905958
1030,26,13.879861172026072,255.91432157836786,172.46934543109725,317.22485739776585,882929600
1030,32,13.949442054731357,255.57880101669116,162.70610812217927,316.12398734074,322996150
1032,-1,14.02399075664497,255.81424147462613,157.6706933816603,318.14657145624915,2673831709
1032,25,14.115985317070278,255.68539675761966,167.98039998540443,318.14657145624915,1467905959
1032,26,13.889901991639764,256.0599978143565,171.21321586085568,316.6088700365174,882929600
1032,32,13.960337758947093,255.72800633264023,157.6706933816603,315.3858421963962,322996150
1034,-1,12.206744341426958,251.25975051287534,155.32293482631553,307.5599430920584,2673831820
1034,25,12.277019546834802,251.15321888111444,168.13596536423304,307.5599430920584,1467906062
1034,26,12.10755882122985,251.46609587990082,172.92956273335892,303.1909789339461,882929600
1034,32,12.149199245058094,251.17984242829348,155.32293482631553,303.20198772486714,322996158
1037,-1,10.231180222011513,245.31178483014583,150.8884122319193,292.80112928622174,2673831723
1037,25,10.277084356536283,245.22948859995302,165.05701148350755,292.80112928622174,1467905962
1037,26,10.175744770256792,245.4775276678293,173.567165251443,287.9678397226123,882929600
1037,32,10.167542045334246,245.23272466314717,150.8884122319193,287.2250990402558,322996161
1038,-1,12.270366143339087,250.9718316350722,158.7489191028974,307.9580475826861,2673831717
1038,25,12.333908393802608,250.8570190875046,172.72371354743973,307.9580475826861,1467905958
1038,26,12.181060324503575,251.19281115668585,162.3842863328525,304.5290850515975,882929600
1038,32,12.215797684553394,250.889554068425,158.7489191028974,304.02124580803184,322996159
1041,-1,12.8355447096156,252.6379167645561,154.37549169073995,313.2248701199796,2673831714
1041,25,12.912285952069857,252.52665261195864,175.22196836908165,313.2248701199796,1467905958
1041,26,12.727611834903252,252.85433165390478,172.14020337586047,309.58880837261194,882929599
1041,32,12.771916085134695,252.55199066804025,154.37549169073995,308.99264420863364,322996157
1042,-1,12.03208778586301,250.55342931739256,163.53354802262757,308.98652090060335,2673831720
1042,25,12.098762609045252,250.45011482628317,167.2293492403691,308.98652090060335,1467905962
1042,26,11.941318388524895,250.75616487286163,172.8383201283039,303.6716153607426,882929599
1042,32,11.968270074615196,250.46876804675225,163.53354802262757,303.63927194805325,322996159
1044,-1,10.082443915209078,245.03776139130022,152.90916654139633,292.4424361367054,2673831909
1044,25,10.127132814431322,244.95691724014844,158.51053820640226,292.4424361367054,1467906147
1044,26,10.029340100741027,245.19737271092833,174.0366037827772,287.91459294285835,882929600
1044,32,10.0183125284201,244.96886294980717,152.90916654139633,285.22302458020675,322996162
1046,-1,8.079648308453656,237.877874086853,156.12606323901028,286.2131066309937,2673831919
1046,25,8.104121662052505,237.82327923276696,163.2683636374489,286.2131066309937,1467906149
1046,26,8.061805193749041,237.9857168933471,176.38968312830292,272.39172950019486,882929600
1046,32,8.013769216092356,237.83119401636185,156.12606323901028,272.3553820309635,322996170
1049,-1,5.020600256505137,224.21762150672177,151.79087598425178,283.0556516930966,2673831910
1049,25,5.070867005413389,224.19122327402565,151.79087598425178,283.0556516930966,1467906135
1049,26,4.97000080506356,224.23415567968672,165.6129159350653,249.110475344765,882929601
1049,32,4.926808565131795,224.29239520044672,186.1311728132364,248.2240753920164,322996174
1050,-1,6.758058021017463,231.96490553122342,159.02649204422096,278.21912818949505,2673831738
1050,25,6.782866629687978,231.91321484496368,183.03400740967615,278.21912818949505,1467905964
1050,26,6.7407630265724325,232.05851245603563,180.1833559652378,264.724171733449,882929600
1050,32,6.689267795825394,231.94394163572616,159.02649204422096,264.38159565217086,322996174
1053,-1,11.314599032885681,248.20316557608774,173.05544563746133,305.0730329971024,2673831717
1053,25,11.364426786022394,248.10919144072378,174.5772888166007,305.0730329971024,1467905959
1053,26,11.251604989759235,248.38925132448037,173.48668667175696,299.41207589059616,882929599
1053,32,11.252950444385874,248.1215688722852,173.05544563746133,297.63524718421587,322996159
1054,-1,11.13018784647647,247.5135441462675,170.98502292921637,303.13928655788357,2673831716
1054,25,11.17805858306376,247.42760298820335,172.75937691829884,303.13928655788357,1467905958
1054,26,11.069957729042452,247.68732697653445,170.98502292921637,297.7346361848557,882929599
1054,32,11.070665029908168,247.42907110867662,174.70372495747034,295.77438107245973,322996159
1058,-1,10.983604055344003,247.27795111276907,154.45055272391272,301.17394535583685,2673831741
1058,25,11.030804830685174,247.18264859795252,154.45055272391272,301.17394535583685,1467905980
1058,26,10.923757510427192,247.46697086468538,166.26977265569408,295.79191951113177,882929601
1058,32,10.92498092008587,247.19437116329735,154.64569621148183,294.40447871198126,322996160
1060,-1,12.575455973602214,252.02022323020265,159.15654444718047,312.7356469782604,2673831716
1060,25,12.648485343448053,251.90797728848045,174.91786695371226,312.7356469782604,1467905958
1060,26,12.473263135364117,252.23798219032494,173.37674525261096,307.92817748346226,882929599
1060,32,12.5129402929849,251.93508492760103,159.15654444718047,307.86270685440456,322996159
1062,-1,12.299131043415672,251.25458952340685,162.0413728789782,310.6423442626024,2673831723
1062,25,12.367823771494548,251.1497034006681,175.11769592975818,310.6423442626024,1467905965
1062,26,12.202528065996907,251.45833017571104,170.48666891235624,306.1331112779362,882929599
1062,32,12.242067798102186,251.17432328338325,162.0413728789782,305.7164713313738,322996159
1064,-1,10.250919483559972,245.02004293916002,154.24352778049337,294.2079139672108,2673831916
1064,25,10.29038011868625,244.94396610255097,170.84789036834374,294.2079139672108,1467906154
1064,26,10.204771192622813,245.17440367404953,173.0076344615209,289.2250268960139,882929600
1064,32,10.19219311053109,244.9438314909372,154.24352778049337,286.26289332850666,322996162
1066,-1,7.081816247312974,232.81229107006982,152.81152945721638,291.4316156625457,2673831964
1066,25,7.108942849590941,232.76731256127354,158.61316672771906,291.4316156625457,1467906190
1066,26,7.060074689222927,232.89632018404473,176.02840006845133,266.3867804291038,882929601
1066,32,7.015270037686969,232.78700420515338,152.81152945721638,266.16141404290806,322996173
1069,-1,10.795153577278125,246.76723531734484,158.12416383709555,299.8983022328513,2673831731
1069,25,10.84255531703572,246.67991158720426,175.74048440214762,299.8983022328513,1467905970
1069,26,10.736705929691038,246.94085916447312,173.20528362316261,294.60912325677907,882929601
1069,32,10.73271131037459,246.68948018467387,158.12416383709555,292.8846883540177,322996160
1076,-1,5.720638309614729,228.36743074772338,172.4784917105668,276.1995810209723,2673831735
1076,25,5.758018512353551,228.3410893448525,172.4784917105668,276.1995810209723,1467905961
1076,26,5.688055299994766,228.40085187892484,180.66759647918184,257.89921240543777,882929600
1076,32,5.637804709815559,228.39578463247244,175.98035267153324,257.3227191678186,322996174
1077,-1,5.104487530105719,225.0838282030178,155.46583084463856,273.73730107038443,2673831726
1077,25,5.15687034705731,225.04906622906356,155.46583084463856,273.73730107038443,1467905953
1077,26,5.052433163210581,225.1104286583697,163.79413197709755,251.78719842965765,882929599
1077,32,5.004350676275057,225.16909540227672,185.64837876788715,249.46996879678406,322996174
1080,-1,10.836354395167346,246.57250030720513,157.02884242521273,300.4451750530207,2673831717
1080,25,10.877525938829809,246.484592910167,175.35426022340332,300.4451750530207,1467905958
1080,26,10.78524240895621,246.74988788313325,172.0049776061015,294.8883965930673,882929599
1080,32,10.782215744690502,246.48710935575457,157.02884242521273,292.20131198014633,322996160
1086,-1,12.963684494787392,252.82800930877903,162.9313257238404,314.3716852333747,2673831926
1086,25,13.038787282863698,252.71406530683973,175.51450679682804,314.3716852333747,1467906171
1086,26,12.853982668200945,253.04731907381648,170.09135359560065,311.207545094553,882929600
1086,32,12.912281552336129,252.7463489573564,162.9313257238404,310.1808503900017,322996155
1091,-1,11.73591284436528,249.57171620242514,161.80957631235304,306.9371386193205,2673831729
1091,25,11.797093960621833,249.47356943259092,161.80957631235304,306.9371386193205,1467905969
1091,26,11.650008143023294,249.7629144736009,162.62946723289576,301.5715343887097,882929601
1091,32,11.684622639221029,249.49510729140889,163.68129359544523,301.1826770080983,322996159
1095,-1,6.946188393225273,232.74833248015648,150.66826362514928,277.7273968155324,2673831737
1095,25,6.973380195047272,232.69902421386502,182.34374489297505,277.7273968155324,1467905964
1095,26,6.922732244192667,232.84216178545262,165.01504532095274,265.4971004539742,882929600
1095,32,6.883493538140311,232.71593341879174,150.66826362514928,265.24087324339297,322996173
1101,-1,9.234220462568869,241.57101768345433,157.01587440683213,289.9343590324379,2673831961
1101,25,9.270563960117132,241.5045734654322,157.01587440683213,289.9343590324379,1467906197
1101,26,9.193687048209455,241.7042453739782,174.89522012990227,279.8466159428677,882929600
1101,32,9.17517217007699,241.50879777389017,160.55196098562277,277.3454153994659,322996164
1109,-1,4.971628350069097,221.58590421549968,154.4723633654279,279.1777453357486,2673831733
1109,25,5.0318394224495275,221.55476206029158,154.4723633654279,279.1777453357486,1467906002
1109,26,4.9063048695347575,221.59288685693073,156.89926741234555,243.07637696546402,882929557
1109,32,4.870737226122864,221.70834707774787,190.1000519226162,241.86110299885252,322996174
1112,-1,5.586309408342592,225.7762644820136,156.24343536411834,276.00447626520173,2673831728
1112,25,5.616980547892091,225.7425460918727,156.24343536411834,276.00447626520173,1467905958
1112,26,5.561514315179396,225.82968815879036,156.24343536411834,256.6473981317647,882929596
1112,32,5.512512651733621,225.7834660547129,180.49520195541993,256.0454715194297,322996174
1121,-1,6.631347164432788,230.05503306747352,164.2167952192446,273.24294186904257,2673831732
1121,25,6.662232624749652,230.02380975036294,175.53100745281142,273.24294186904257,1467905958
1121,26,6.602687319446862,230.11402478939945,176.2869027588888,263.606317924778,882929600
1121,32,6.567443186919873,230.03567480650452,164.2167952192446,263.40769009386725,322996174
1128,-1,10.97307105135347,246.64192395017744,155.0081511745328,301.79408988653574,2673831734
1128,25,11.014745433445182,246.55430972172297,167.6672945038052,301.79408988653574,1467905974
1128,26,10.92024092083766,246.81693458916396,167.60422025881874,296.41230149334416,882929600
1128,32,10.921563636305331,246.5616981539316,155.0081511745328,294.0242131072259,322996160
1133,-1,5.184548235783869,224.01400913925139,150.23792630313204,279.203265302837,2673831798
1133,25,5.230219927268982,223.99020116763162,150.23792630313204,279.203265302837,1467906048
1133,26,5.137650860600696,224.03242771606827,155.7829119571088,251.30226064549825,882929576
1133,32,5.102377152659489,224.07185985333385,184.57867612686587,250.5005924491074,322996174
1163,-1,5.598960335459154,226.24184130374752,151.0111340648752,280.1839840290038,2673831923
1163,25,5.630360691052884,226.21399346529924,157.32790587737716,280.1839840290038,1467906160
1163,26,5.573192212746098,226.28406397779926,151.0111340648752,256.611963215869,882929589
1163,32,5.524881958387206,226.2529818857221,179.68705079785218,255.94622955097088,322996174
1172,-1,5.247933395010225,224.23106151680764,152.56332391596817,275.5801869182035,2673831778
1172,25,5.289933225353234,224.2040418584513,160.52501057264385,275.5801869182035,1467906036
1172,26,5.207539486762512,224.25910093953368,152.56332391596817,251.91778930507536,882929568
1172,32,5.1649085948428075,224.2772090733339,184.85689653682883,251.2849841414928,322996174
1187,-1,5.176954342154905,219.99471770213802,150.174184009265,280.27412626450206,2673831790
1187,25,5.233115101083189,219.97605900112117,151.34111882903522,280.27412626450206,1467906127
1187,26,5.115597578805007,219.98156600727074,150.174184009265,249.07999534046633,882929489
1187,32,5.084637398052294,220.11546600788483,190.3813325498147,241.74035380672785,322996174
1189,-1,5.283334964055588,219.24269003844685,150.27292581531495,278.94110896831245,2673831577
1189,25,5.339260028938653,219.2251665193172,150.27292581531495,278.94110896831245,1467905943
1189,26,5.221576865626165,219.21653818510293,150.4134964007137,241.38371188235695,882929460
1189,32,5.192409676305481,219.39381603792575,190.61257142248627,241.21121752150148,322996174
1205,-1,5.090732698905107,223.4055613361323,150.2300867207558,282.50469890546873,2673831758
1205,25,5.1314404881631575,223.3895612686055,150.2300867207558,282.50469890546873,1467906041
1205,26,5.053048238756366,223.40868591046234,154.86134366510814,253.00678651412343,882929543
1205,32,5.006401771420701,223.46973490369203,186.269532334361,249.91799485197387,322996174
1211,-1,5.043480198962163,223.5282580887734,150.2162028399018,281.4762182687716,2673831774
1211,25,5.085738253748351,223.5091553663796,150.2162028399018,281.4762182687716,1467906060
1211,26,5.005719584069851,223.53458770659864,155.50730765574122,250.9970462568143,882929540
1211,32,4.9519775216184785,223.59777097225904,186.89163634902124,249.97934770616453,322996174
1219,-1,5.600215540068662,226.34885315249093,152.84192647699754,278.8818720267054,2673831881
1219,25,5.631816725982824,226.316873252682,152.84192647699754,278.8818720267054,1467906133
1219,26,5.574604570761057,226.39081683582546,153.80286840488483,255.9871797121622,882929574
1219,32,5.524603968739109,226.3794804936439,179.44622323753674,255.43768844547873,322996174
1231,-1,5.40073107929414,224.61629036888485,150.7698461580449,287.6301192846379,2673831898
1231,25,5.442420537533235,224.60101569844412,150.7698461580449,287.6301192846379,1467906170
1231,26,5.362252927675096,224.62327421614935,153.03770741140804,255.84339422100865,882929554
1231,32,5.314306781402407,224.66661770754317,183.8180672620335,252.39774506506672,322996174
1245,-1,5.058953517080771,221.35912201393728,151.17834721555886,281.00061065082383,2673831690
1245,25,5.116127739372415,221.33557945999374,151.17834721555886,281.00061065082383,1467906043
1245,26,5.000719209270193,221.35592156432216,157.41929353549506,246.67582234033037,882929473
1245,32,4.953238655071254,221.47486341121288,189.8966359854201,244.46131772391,322996174
1271,-1,5.667665790852869,218.35178237413555,150.89087993164318,288.8787815515013,2673831600
1271,25,5.725796497678403,218.3375230696706,152.33229357103784,288.8787815515013,1467906108
1271,26,5.6052333600397795,218.3002795645052,150.89087993164318,256.81124308896636,882929318
1271,32,5.566496866935504,218.55737199422185,190.22796381737388,240.38958846023252,322996174
1289,-1,5.1623730814518325,221.53691948117537,151.43468039701835,288.6108072893275,2673831741
1289,25,5.213180654498503,221.52183207826315,154.44814855298802,288.6108072893275,1467906119
1289,26,5.112587809019062,221.5259182504975,151.43468039701835,257.24515477184815,882929448
1289,32,5.063752119121228,221.63555904457903,188.5293971852324,246.8219397947243,322996174
1300,-1,5.353091555525597,219.49698179568304,153.45365560628608,290.57454953676574,2673831632
1300,25,5.413144351799157,219.48301673131428,162.05440894411265,290.57454953676574,1467906117
1300,26,5.290757595897345,219.46177475148605,153.45365560628608,260.54309586571213,882929339
1300,32,5.244152861390771,219.65668875045588,189.88567826557804,240.85029282782935,322996176
1313,-1,11.906603303225044,248.7137941742487,154.3729080112203,307.76402388884384,2673831975
1313,25,11.953101051252311,248.61715198231173,165.575709319721,307.76402388884384,1467906214
1313,26,11.837819356052496,248.89712100162646,164.4421091156201,303.54887147163936,882929600
1313,32,11.876516913915689,248.65186461996194,154.3729080112203,302.4919331310973,322996161
1316,-1,12.079782297418635,249.255437290294,155.293536899094,308.7948416160374,2673831974
1316,25,12.128817854083936,249.15704615022184,171.220627037817,308.7948416160374,1467906214
1316,26,12.005526234631448,249.44114608512214,155.293536899094,305.0114083317338,882929601
1316,32,12.052935344000062,249.19494484894176,159.86861602963995,303.7791299457305,322996159
1325,-1,10.20772505561008,243.44076572648953,151.83009561451524,295.4908556864455,2673831979
1325,25,10.241087525115262,243.36465128745482,172.03668459199633,295.4908556864455,1467906214
1325,26,10.16466336696468,243.5866328244613,151.83009561451524,289.1745700195198,882929601
1325,32,10.168970960626467,243.3879430540288,160.8297299233136,287.14053713577044,322996164
1329,-1,8.734641251296472,237.9692055785432,154.85878562236866,289.78495799522074,2673831977
1329,25,8.764166034861745,237.91442441531402,173.4212871116045,289.78495799522074,1467906213
1329,26,8.7009248917183,238.06814017618004,154.85878562236866,274.35720621656856,882929597
1329,32,8.689768336768871,237.94772335903036,158.40524510341243,273.69823682381104,322996167
1346,-1,11.777904373483338,248.39429355091664,159.19740199030218,307.5166107067769,2673831969
1346,25,11.823217369525183,248.29808068207905,174.2992430183969,307.5166107067769,1467906213
1346,26,11.711381225119178,248.57574385411755,159.19740199030218,302.9644347033172,882929597
1346,32,11.747114348736108,248.3355424648289,160.66520020674687,301.8454908501522,322996159
1347,-1,11.590677950090653,247.8670670451312,161.9976338652189,306.02127531923725,2673831963
1347,25,11.634318971919354,247.7744674800009,167.28631707034884,306.02127531923725,1467906206
1347,26,11.52632131184888,248.04083316202764,161.9976338652189,301.4538431177129,882929599
1347,32,11.56200187678002,247.81289992533695,168.76950091033183,300.1880122832346,322996158
1473,-1,5.240114053318206,219.38909230598327,150.03626030598969,286.9796906976422,2673830822
1473,25,5.277439291327448,219.3855907539118,151.15738647948834,286.9796906976422,1467905630
1473,26,5.218401027013515,219.3448384854388,150.03626030598969,258.30020983626713,882929017
1473,32,5.125554271517208,219.52597606403782,183.5633539446783,245.21539675041183,322996175
1474,-1,5.1896382678552975,220.11715806464636,150.73670455941686,285.4972026695012,2673831009
1474,25,5.231134880961106,220.10266845911087,150.73670455941686,285.4972026695012,1467905760
1474,26,5.1615642253247405,220.09627907318148,150.8943901350349,255.71028535850476,882929075
1474,32,5.073877380883618,220.24008225769478,167.41939052731283,241.57051468733678,322996174
1491,-1,5.153795354970201,220.65237837220178,151.18575491588146,290.2602805200633,2673831139
1491,25,5.196644103896174,220.64361691096428,152.99722035230934,290.2602805200633,1467905896
1491,26,5.124949088257253,220.61188798022417,151.18575491588146,260.6657388281212,882929068
1491,32,5.032798992525462,220.80287905432243,189.51296232892253,273.7239856489624,322996175
1499,-1,5.7440062732464785,218.88230565157784,150.5117355738727,284.5877926885223,2673830879
1499,25,5.7836721169193375,218.87207088499676,150.5117355738727,284.5877926885223,1467905804
1499,26,5.715392446946715,218.82362508320426,152.18790723678754,255.1114198277511,882928903
1499,32,5.63552689905417,219.08922588445452,178.28882989298515,240.50582497601306,322996172
1553,-1,4.963442575467591,222.0067174589367,150.2347304162534,285.2373516491661,2673830958
1553,25,4.9925260782309655,221.99823217932004,150.2347304162534,285.2373516491661,1467905722
1553,26,4.971188394289357,221.9724000996003,150.7001107482312,255.92164521275728,882929062
1553,32,4.805040743177599,222.13908863801848,163.91545811361635,245.2119960041929,322996174
1570,-1,9.065134649514246,241.05013039577736,150.24546257298996,292.22662469513523,2673831359
1570,25,9.083311401172223,240.9778459055107,150.9885321506943,292.22662469513523,1467906184
1570,26,9.06008687210024,241.19403888952405,150.24546257298996,278.9752028344721,882929012
1570,32,8.991274076244864,240.98525614545247,157.93999455590125,277.49503853341105,322996163
1596,-1,20.3045966888138,265.6855044238479,154.0937525570274,349.81982660362183,2989668862
1596,25,20.399848253540917,265.4897630877746,154.0937525570274,349.81982660362183,1467923926
1596,26,20.21476367413639,266.01187610590256,154.0937525570274,349.7233936800637,1198749384
1596,32,20.18643898168909,265.36381435212553,154.0937525570274,349.4015826569419,322995552
1602,-1,20.276295499803293,265.58726197802946,154.32096956374568,349.9565801705627,2989669062
1602,25,20.371924516597407,265.39246218277094,154.32096956374568,349.656549512458,1467923816
1602,26,20.184460528594023,265.9107019438669,154.32096956374568,347.5805163105682,1198749635
1602,32,20.164138343024188,265.27217323157555,154.32096956374568,349.9565801705627,322995611
1619,-1,18.950937656107644,263.1917113568936,154.96449017572778,349.84311621612636,2989669837
1619,25,19.04011332496029,263.00885821001987,154.96449017572778,349.80721591520387,1467924166
1619,26,18.864835280801042,263.4966724426687,154.96449017572778,349.84311621612636,1198749895
1619,32,18.84775199968553,262.89091015871674,154.96449017572778,344.0207237007544,322995776
1624,-1,17.95569005090843,261.0367190871284,150.01731085341402,349.94174259421635,2989670231
1624,25,18.038941647182472,260.86139060383675,150.01731085341402,349.0803116621713,1467924455
1624,26,17.87467860696938,261.330971526727,150.01731085341402,349.94174259421635,1198749961
1624,32,17.860925301866473,260.7414640782945,150.01731085341402,320.2152695284937,322995815
1635,-1,16.626172362794232,257.45591309257924,150.42197250337952,349.348401146363,2989670814
1635,25,16.702826628596217,257.2838425306683,150.42197250337952,348.6647247971535,1467924801
1635,26,16.549454441212028,257.7428888421747,150.42197250337952,348.7056753546718,1198750107
1635,32,16.54522238560793,257.1728582194847,150.42197250337952,349.348401146363,322995906
1939,-1,7.948098299779131,224.64590342526472,161.54736077485245,349.98764920823015,2988423711
1939,25,8.150251178828382,224.3804353422016,161.54736077485245,349.98764920823015,1467072491
1939,26,7.702680061234982,224.93238195163488,161.54736077485245,349.7430563027722,1198462896
1939,32,7.873834707051931,224.78876098348667,161.54736077485245,349.8744378355912,322888324
1940,-1,7.619426881602977,224.49549280719827,161.58377918200975,349.9131747213994,2988793175
1940,25,7.8142494125302555,224.23082767250838,161.58377918200975,349.9131747213994,1467320818
1940,26,7.383447591177589,224.78869791019596,161.58377918200975,347.7214353253397,1198559822
1940,32,7.542079049300204,224.60984205620105,161.58377918200975,349.2696520174388,322912535
1941,-1,7.327409481725448,223.48685425977283,161.6201964591143,349.98759341425637,2988643856
1941,25,7.526247073235175,223.2004405894292,161.6201964591143,349.98759341425637,1467217679
1941,26,7.089341599537204,223.81091548584462,161.6201964591143,349.17528549958115,1198528587
1941,32,7.227576727572009,223.585444519459,161.6201964591143,349.7848963478116,322897590
1942,-1,6.887738003015785,223.8018778143931,161.65661260653008,349.89079343797346,2989105672
1942,25,7.072346262391665,223.52209534349018,161.65661260653008,349.89079343797346,1467535871
1942,26,6.671506536057245,224.12737486152463,161.65661260653008,349.504256771703,1198638364
1942,32,6.771920010412196,223.86516544057247,161.65661260653008,349.2962208413263,322931437
1943,-1,6.477730590016777,223.48338993240063,161.69302762462084,349.9628413444215,2989188563
1943,25,6.655241670611665,223.19423474971347,161.69302762462084,349.9628413444215,1467594672
1943,26,6.276924082742382,223.8295982552356,161.69302762462084,347.7716511024633,1198659231
1943,32,6.328305215268236,223.51242615749226,161.69302762462084,348.5560017442382,322934660
1944,-1,6.043844239244988,224.61122243767912,161.72944151375017,349.9217282843444,2989493506
1944,25,6.196666989602681,224.3436195121283,161.72944151375017,349.86663973769157,1467808971
1944,26,5.882812776599232,224.94303498938504,161.72944151375017,349.9217282843444,1198721552
1944,32,5.866897256454266,224.59586190899375,161.72944151375017,349.9101573191659,322962983
1945,-1,5.809231186614913,225.36147604420424,161.7658542742813,349.8775460769556,2989570112
1945,25,5.94175380421949,225.09667206292028,161.7658542742813,349.6968053220686,1467862193
1945,26,5.6794732806048875,225.70028236687307,161.7658542742813,348.8634682739875,1198735517
1945,32,5.608472822845419,225.3074670342187,161.7658542742813,349.8775460769556,322972402
1946,-1,5.817611426496203,227.491364840723,161.80226590657745,349.86354119699155,2989642405
1946,25,5.920044649340724,227.2552417734201,161.80226590657745,349.86354119699155,1467910501
1946,26,5.728132364180209,227.80861053594876,161.80226590657745,348.90287755858594,1198746466
1946,32,5.619319508357964,227.38705789056485,161.80226590657745,348.91761321956506,322985438
1947,-1,6.179413108377121,229.38176681241978,161.83867641100147,349.2647245602352,2989654611
1947,25,6.261958662467195,229.15795706079712,161.83867641100147,349.2647245602352,1467916764
1947,26,6.109450542517139,229.6941693835476,161.83867641100147,347.6571973968061,1198747834
1947,32,6.008207930565073,229.23947814319743,161.83867641100147,348.8393234762031,322990013
1948,-1,6.727992054444258,232.31495268742015,161.87508578791608,349.75940030907304,2989663822
1948,25,6.794494234276282,232.1165101662698,161.87508578791608,349.75940030907304,1467921220
1948,26,6.6718148393224475,232.6029710542964,161.87508578791608,348.48906204376203,1198748914
1948,32,6.592263408280239,232.14787909198185,161.87508578791608,349.1211973107912,322993688
1949,-1,7.515910886832035,235.00214372307434,161.91149403768367,349.945329342219,2989661922
1949,25,7.575787357285717,234.8188537389115,161.91149403768367,349.89990487669456,1467919241
1949,26,7.459216290963029,235.27783354973275,161.91149403768367,349.945329342219,1198748266
1949,32,7.420389559944511,234.81196146489066,161.91149403768367,348.59605674663925,322994415
1950,-1,8.305105363972286,238.31050335978443,161.9479011606666,349.7655976110588,2989664642
1950,25,8.361115054934492,238.14530769099682,161.9479011606666,349.7655976110588,1467920791
1950,26,8.249345106512804,238.56683346623015,161.9479011606666,349.5192797614594,1198748771
1950,32,8.231050538492227,238.1099391800589,161.9479011606666,349.7138538969607,322995080
1951,-1,9.261721007779855,241.24278743450375,161.98430715722688,349.7859450075975,2989658189
1951,25,9.318513434282744,241.08490832865283,161.98430715722688,349.7859450075975,1467916426
1951,26,9.20027586126739,241.49214117643587,161.98430715722688,349.2259311645767,1198747054
1951,32,9.209055775059609,241.03486226151205,161.98430715722688,348.61189137754883,322994709
1952,-1,10.157131097861726,244.39612663523866,162.02071202772632,349.7036868786253,2989660577
1952,25,10.216396756775795,244.24877696466962,162.02071202772632,349.7036868786253,1467917969
1952,26,10.093155553681996,244.63244759020077,162.02071202772632,348.69363532749657,1198747570
1952,32,10.10638310042366,244.18871805781544,162.02071202772632,344.89415281964415,322995038
1953,-1,11.210960879910202,247.14376140470227,162.0571157725266,349.87792422324463,2989648662
1953,25,11.276391315163584,246.9992378755444,162.0571157725266,349.70024853792506,1467910433
1953,26,11.137913560682463,247.37773272056495,162.0571157725266,349.87792422324463,1198744183
1953,32,11.167578195613975,246.93222760567247,162.0571157725266,349.2377474130651,322994046
1954,-1,12.17705496934648,249.9138597999072,162.0935183919891,349.96336851957193,2989648143
1954,25,12.248196457237867,249.77326523979528,162.0935183919891,349.49471587170484,1467910182
1954,26,12.09896649418899,250.14300887971214,162.0935183919891,349.96336851957193,1198743940
1954,32,12.12805255881247,249.7023670786511,162.0935183919891,349.0950106053984,322994021
1955,-1,13.248366192619251,252.2001668717198,162.12991988647502,349.91145599778633,2989620588
1955,25,13.326258136636223,252.05807004298774,162.12991988647502,349.91145599778633,1467893758
1955,26,13.160781549522921,252.43272747093303,162.12991988647502,349.5152872976785,1198735252
1955,32,13.20442024610071,251.9828375499759,162.12991988647502,346.09049553553734,322991578
1956,-1,14.176803545361237,254.41819951189996,162.16632025634533,349.9620383091867,2989618053
1956,25,14.260103779865402,254.27608193051697,162.16632025634533,349.9620383091867,1467892131
1956,26,14.08296012297964,254.65133936824978,162.16632025634533,349.45827989738075,1198734606
1956,32,14.132131776987624,254.19881424998906,162.16632025634533,349.8421259133749,322991316
1957,-1,15.149690391444764,256.15300127798315,162.20271950196081,349.9557215539224,2989569349
1957,25,15.238899111933563,256.0070126476617,162.20271950196081,349.9557215539224,1467864407
1957,26,15.04586660412124,256.39257503279487,162.20271950196081,349.72906973739214,1198718243
1957,32,15.11513270932307,255.9273266096856,162.20271950196081,346.6457817461824,322986699
1958,-1,15.913798787749837,257.7473623177839,162.2391176236821,349.97615152152133,2989577030
1958,25,16.006389232170843,257.5993608860469,162.2391176236821,349.97615152152133,1467869288
1958,26,15.80499169755999,257.98941105860746,162.2391176236821,349.50639600270307,1198720292
1958,32,15.882632472936717,257.5216508201654,162.2391176236821,347.038650840213,322987450
1959,-1,16.642906266094936,258.86924572729333,162.2755146218694,349.96799520339755,2989529706
1959,25,16.739094836341916,258.71768285984825,162.2755146218694,349.96799520339755,1467842569
1959,26,16.525789434463263,259.11642739854415,162.2755146218694,349.83732602526015,1198704452
1959,32,16.626105947913278,258.64066585445744,162.2755146218694,349.8434596966488,322982685
1960,-1,17.10068419118349,259.84678758721066,162.311910496883,349.84765235042687,2989553461
1960,25,17.198376419512247,259.69401379117954,162.311910496883,349.8341378193113,1467855865
1960,26,16.981120154954894,260.09477281610987,162.311910496883,349.84765235042687,1198712227
1960,32,17.08635698335077,259.62073086612685,162.311910496883,346.0114625064268,322985369
1961,-1,17.52556563002833,260.4625860778638,162.34830524908276,349.89806339782956,2989510631
1961,25,17.625208204801517,260.30669369288063,162.34830524908276,349.89806339782956,1467832180
1961,26,17.400825940306984,260.714324815192,162.34830524908276,349.6903066700868,1198697344
1961,32,17.521428094130176,260.2367688553039,162.34830524908276,348.0593892224156,322981107
1962,-1,17.746161400291427,261.0679455452645,162.38469887882837,349.8397373615602,2989543871
1962,25,17.845913759551987,260.91155397893436,162.38469887882837,349.8397373615602,1467850236
1962,26,17.621510524012603,261.3194790089093,162.38469887882837,349.4804909449117,1198709506
1962,32,17.74139999798654,260.84516012040524,162.38469887882837,348.9556085131663,322984129
1963,-1,17.989931985247374,261.42181786267184,162.4210913864794,349.8403329895816,2989502977
1963,25,18.09117710880477,261.26283663579215,162.4210913864794,349.8403329895816,1467827228
1963,26,17.8622581554245,261.67633952111345,162.4210913864794,349.7505538801006,1198695262
1963,32,17.989431098898287,261.19970867842443,162.4210913864794,346.75099551779965,322980487
1964,-1,18.087243826435124,261.8252737612827,162.45748277239514,349.85689068710195,2989537246
1964,25,18.18831941831228,261.665786417805,162.45748277239514,349.85689068710195,1467846430
1964,26,17.960907499920584,262.07969350684454,162.45748277239514,349.6847997807453,1198706844
1964,32,18.082680776274334,261.6058456513954,162.45748277239514,349.5643121437118,322983972
1965,-1,18.259683903289954,262.07385947142046,162.49387303693464,349.94178709315764,2989498928
1965,25,18.361731668495633,261.91254897662503,162.49387303693464,349.94178709315764,1467825082
1965,26,18.13073033437731,262.33093836043827,162.49387303693464,349.89729742388585,1198693825
1965,32,18.26022890125725,261.85284491351746,162.49387303693464,348.6721448662491,322980021
1966,-1,18.326573171829256,262.430368420633,162.5302621804568,349.81958096582514,2989530619
1966,25,18.428595054761757,262.26874581047,162.5302621804568,349.81958096582514,1467842982
1966,26,18.199492518942503,262.6869559755489,162.5302621804568,349.55997510158056,1198704300
1966,32,18.320435332791128,262.2125986991445,162.5302621804568,349.168119015945,322983337
1967,-1,18.48326930827225,262.6433644755724,162.56665020332028,349.88262598750913,2989492785
1967,25,18.58598285941299,262.47976530118115,162.56665020332028,349.6417056806998,1467822112
1967,26,18.35400125910817,262.90273027134486,162.56665020332028,349.88262598750913,1198691071
1967,32,18.481916130733055,262.42426402030986,162.56665020332028,348.94269129193174,322979602
1968,-1,18.538359482400754,262.94737713627336,162.60303710588352,349.7894707602225,2989526302
1968,25,18.640661534082,262.7837202335503,162.60303710588352,349.6951556564882,1467840364
1968,26,18.41046876411353,263.2064817536916,162.60303710588352,349.7894707602225,1198703108
1968,32,18.533877159070677,262.72951012912546,162.60303710588352,348.5572618830451,322982830
1969,-1,18.66703872966211,263.10110253737975,162.63942288850484,349.9838821664181,2989486331
1969,25,18.770024720373826,262.9351254359676,162.63942288850484,349.9838821664181,1467817980
1969,26,18.53806775667164,263.3626675460081,162.63942288850484,349.98057110674176,1198688855
1969,32,18.663308316774806,262.8846464222219,162.63942288850484,348.92298643998936,322979496
1970,-1,18.707403937703948,263.370009936648,162.6758075515422,349.7699754566399,2989521523
1970,25,18.80978370695048,263.20395479437093,162.6758075515422,349.7699754566399,1467837325
1970,26,18.580025387420395,263.6314661993403,162.6758075515422,349.45607840880706,1198701511
1970,32,18.700614302441792,263.1543139129557,162.6758075515422,349.3485680044173,322982687
1971,-1,18.83756283536209,263.5352223703063,162.71219109535343,349.9112166971477,2989482215
1971,25,18.940845638098697,263.3672740349594,162.71219109535343,349.7550129267429,1467815313
1971,26,18.707962898716097,263.79921183107916,162.71219109535343,349.9112166971477,1198687969
1971,32,18.834719642385156,263.3187257353506,162.71219109535343,348.9414164347707,322978933
1972,-1,18.86913425151096,263.7814941798517,162.7485735202962,349.48582419634766,2989512802
1972,25,18.972152260327753,263.61306320472823,162.7485735202962,349.48582419634766,1467832233
1972,26,18.741697065105576,264.045392284809,162.7485735202962,349.3029684119535,1198698560
1972,32,18.859563776517902,263.56753221865387,162.7485735202962,347.28010858358823,322982009
1973,-1,18.98822078623739,263.93097449691027,162.7849548267279,349.89225374766255,2989475568
1973,25,19.091805467427157,263.76054985657385,162.7849548267279,349.5870217724009,1467810999
1973,26,18.858808045349765,264.19788644330356,162.7849548267279,349.89225374766255,1198686368
1973,32,18.98317588847882,263.7148839069091,162.7849548267279,346.94263305758506,322978201
1974,-1,19.034971577430127,264.1923628443345,162.8213350150057,349.97192654168117,2989507328
1974,25,19.138285374064488,264.02146643356167,162.8213350150057,349.97192654168117,1467828112
1974,26,18.907229796844938,264.4592230566446,162.8213350150057,349.8348890420956,1198697704
1974,32,19.025047542963463,263.97861015185,162.8213350150057,342.78360822820974,322981512
1975,-1,19.141463861541048,264.31499940913574,162.85771408548663,349.97771580830454,2989466883
1975,25,19.245571280942496,264.14224482075633,162.85771408548663,349.97771580830454,1467805805
1975,26,19.012359523795592,264.5839993755864,162.85771408548663,349.6106823889415,1198683016
1975,32,19.132837899833184,264.10174807250064,162.85771408548663,346.5426175144653,322978062
1976,-1,19.14710928566032,264.4873179656272,162.89409203852745,349.97714037769657,2989501005
1976,25,19.250804437155463,264.314401121334,162.89409203852745,349.9260683996583,1467824655
1976,26,19.01911376212601,264.75655923702504,162.89409203852745,349.97714037769657,1198695369
1976,32,19.136260502059077,264.2739101741329,162.89409203852745,349.00297781839845,322980981
1977,-1,19.252650570621224,264.5917727685858,162.93046887448477,349.9869312660123,2989460714
1977,25,19.357077141479852,264.4167768306735,162.93046887448477,349.9622075048688,1467801715
1977,26,19.123349863211033,264.8634565358409,162.93046887448477,349.9869312660123,1198681639
1977,32,19.243145836973984,264.37874543553306,162.93046887448477,348.4090899800605,322977360
1978,-1,19.268415602147957,264.79308581294214,162.96684459371494,349.69231827267936,2989493894
1978,25,19.37230089270356,264.61863818467725,162.96684459371494,349.6538660665092,1467820491
1978,26,19.14117373264066,265.06376372941503,162.96684459371494,349.69231827267936,1198692746
1978,32,19.253890032955862,264.58130269180947,162.96684459371494,349.43519553069507,322980657
1979,-1,19.34179834090374,264.86280539219206,163.00321919657412,349.94070398344786,2989454746
1979,25,19.446310685442146,264.68682278112897,163.00321919657412,349.77676769051027,1467797851
1979,26,19.212942951526514,265.13569215386974,163.00321919657412,349.94070398344786,1198679745
1979,32,19.3302243021493,264.64979671473657,163.00321919657412,347.542062908176,322977150
1980,-1,19.37178265531075,265.06833047066135,163.03959268341828,349.9362702995299,2989485754
1980,25,19.47616619683586,264.8918655189946,163.03959268341828,349.9362702995299,1467815455
1980,26,19.244691076389387,265.34071653888986,163.03959268341828,349.1404130795021,1198690010
1980,32,19.354361583021184,264.8593750705179,163.03959268341828,348.5869884428177,322980289
1981,-1,19.452054071672197,265.13588590812327,163.07596505460313,349.94648464160787,2989446675
1981,25,19.556635929533858,264.9585980749841,163.07596505460313,349.9093430533453,1467793550
1981,26,19.32363205744322,265.4098951700156,163.07596505460313,349.94648464160787,1198676451
1981,32,19.438554437831886,264.92464306273126,163.07596505460313,348.0451842962438,322976674
1982,-1,19.42309415122583,265.2320620857437,163.11233631048424,349.9663365253482,2989479539
1982,25,19.527428492272463,265.0543307283315,163.11233631048424,349.4450636989612,1467811247
1982,26,19.295880814062034,265.5062951727531,163.11233631048424,349.9663365253482,1198688651
1982,32,19.4062261843875,265.0220054903417,163.11233631048424,347.73047617052885,322979641
1983,-1,19.51625461174961,265.3131650843626,163.14870645141693,349.9594894514495,2989437747
1983,25,19.6210024164711,265.1336887801475,163.14870645141693,349.9594894514495,1467787487
1983,26,19.388478467382082,265.589473863946,163.14870645141693,349.79291539417846,1198673876
1983,32,19.499466674769838,265.1033322742454,163.14870645141693,348.7648512080416,322976384
1984,-1,19.545728927974633,265.49805954085065,163.1850754777563,349.9592937057082,2989472134
1984,25,19.65035176170811,265.31850551364454,163.1850754777563,349.7928883242554,1467806881
1984,26,19.41844240525887,265.7745785139088,163.1850754777563,349.9592937057082,1198685821
1984,32,19.527707755418675,265.28780238863044,163.1850754777563,347.01434833549627,322979432
1985,-1,19.622893838967506,265.5743927358981,163.2214433898573,349.8574527245004,2989431053
1985,25,19.727821157034594,265.3936132292587,163.2214433898573,349.8574527245004,1467783186
1985,26,19.494981204894263,265.85217690557073,163.2214433898573,349.7147359077694,1198671995
1985,32,19.605743801395764,265.3650056253271,163.2214433898573,348.1246290325434,322975872
1986,-1,19.667633361601826,265.7980927228602,163.25781018807464,349.9492295311922,2989462356
1986,25,19.772300345803302,265.6170740026689,163.25781018807464,349.9492295311922,1467800696
1986,26,19.541313832966345,266.0756017648437,163.25781018807464,349.6467994854943,1198682706
1986,32,19.645853347018736,265.590816412533,163.25781018807464,347.27791074794425,322978954
1987,-1,19.738194509756056,265.8623734944584,163.29417587276282,349.7305966641191,2989421770
1987,25,19.843348608824762,265.68011447143203,163.29417587276282,349.7305966641191,1467777217
1987,26,19.609798419681304,266.14222605527897,163.29417587276282,349.6470838895439,1198669349
1987,32,19.72169981554787,265.6520321293546,163.29417587276282,347.97829314492947,322975204
2119,-1,22.18302020721925,272.5799929207163,168.0848080167976,349.99889270120315,2987589602
2119,25,22.318144413655034,272.3639258105535,168.0848080167976,349.99889270120315,1466797415
2119,26,22.039170663541608,272.89817439072465,168.0848080167976,349.9973272868767,1198115419
2119,32,22.084934115267384,272.3807488071647,168.0848080167976,349.975405421033,322676768
2140,-1,22.407440507771707,273.3090062267145,168.8452181489,349.99862440592136,2987231256
2140,25,22.548756523897225,273.0885792671112,168.8452181489,349.99862440592136,1466618275
2140,26,22.261972834176646,273.62825287289337,168.8452181489,349.99053445708375,1198037826
2140,32,22.286967484551912,273.125522316774,168.8452181489,349.99377062289005,322575155
2143,-1,22.446986642485033,273.3557657096441,168.95380989078845,349.99880395396843,2987084601
2143,25,22.587245701432398,273.1352061060654,168.95380989078845,349.99880395396843,1466550142
2143,26,22.30189292141381,273.67584492677383,168.95380989078845,349.9977202896486,1197993582
2143,32,22.32994720622428,273.16977027717917,168.95380989078845,349.9798358022733,322540877
2147,-1,22.47894351295624,273.47530359501616,169.09858403695722,349.99991130794183,2987002308
2147,25,22.61984786210283,273.2545096624516,169.09858403695722,349.99991130794183,1466509317
2147,26,22.334836943784325,273.79439156329016,169.09858403695722,349.9933680324468,1197974843
2147,32,22.35538139731422,273.29403317716304,169.09858403695722,349.98409664978146,322518148
2153,-1,22.50317358296226,273.58737948717396,169.31571349180837,349.9986567237011,2986892144
2153,25,22.64454450770512,273.36673256830466,169.31571349180837,349.99810629907813,1466452210
2153,26,22.36105472698661,273.90490753754034,169.31571349180837,349.99315215279665,1197947411
2153,32,22.370238419677406,273.41120875452515,169.31571349180837,349.9986567237011,322492523
2158,-1,22.535898362171842,273.7463199857919,169.4966256311912,349.998989678165,2986852917
2158,25,22.677654214374762,273.52545384907944,169.4966256311912,349.998989678165,1466433429
2158,26,22.396920332962278,274.0612008736884,169.4966256311912,349.9884477288085,1197935108
2158,32,22.38976165258291,273.5809743518728,169.4966256311912,349.9862280332711,322484380
2161,-1,22.529453935928068,273.74768945576744,169.60516024645133,349.9994692636678,2986680754
2161,25,22.670072479952015,273.52731529286484,169.60516024645133,349.9994692636678,1466349333
2161,26,22.391306423705917,274.0626312069424,169.60516024645133,349.9955673288661,1197882910
2161,32,22.385463476595085,273.5798554210331,169.60516024645133,349.9749367763589,322448511
2168,-1,22.566809810262054,273.9255155615774,169.85837078881897,349.99948101590377,2986601911
2168,25,22.70935031583508,273.70512676166953,169.85837078881897,349.99948101590377,1466304389
2168,26,22.429086067808427,274.2379136940217,169.85837078881897,349.998917428989,1197859614
2168,32,22.4126263076253,273.767184172848,169.85837078881897,349.99948101590377,322437908
2171,-1,22.540855049619847,273.87611883461153,169.966873802114,349.99957898582477,2986452049
2171,25,22.682213578631693,273.6561019469128,169.966873802114,349.99788017813114,1466229638
2171,26,22.403508476875885,274.1891856071242,169.966873802114,349.99957898582477,1197816089
2171,32,22.39064690884756,273.71358748250407,169.966873802114,349.9922169866929,322406322
2175,-1,22.560478093545747,273.92589030078807,170.11152976950456,349.99935351211786,2986352355
2175,25,22.701221323102544,273.70591387236345,170.11152976950456,349.9987836578117,1466178538
2175,26,22.424113600375232,274.2382573075867,170.11152976950456,349.99935351211786,1197783779
2175,32,22.409526112574376,273.7657630960631,170.11152976950456,349.9856748595899,322390038
2182,-1,22.47478307961123,273.8245366272107,170.36463729790296,349.99856469166235,2986326790
2182,25,22.61526617532591,273.6047450392003,170.36463729790296,349.99856469166235,1466159636
2182,26,22.340400541251388,274.1357359462298,170.36463729790296,349.99856469166235,1197774408
2182,32,22.317692293414865,273.6679046121871,170.36463729790296,349.9824278669803,322392746
