Raw_Channel_ID,Platform_ID,obs_std,obs_mean,obs_min,obs_max,count
16,-1,9.588072806524988,231.31681264107243,150.0205485217352,293.719939626681,3119603679
16,14,9.658610781383155,231.28032095648993,150.0205485217352,293.719939626681,1577606539
16,15,9.522586990946104,231.40613520367114,191.6532933439135,263.5381869892795,1198451701
16,16,9.487245175483002,231.17278727717402,195.55880515744767,263.01581711853987,343545439
29,-1,9.383149903068363,224.7687600898982,150.036408696934,293.36247516073075,3119603554
29,14,9.432728729702989,224.7320227242568,150.036408696934,293.36247516073075,1577606414
29,15,9.342654162928406,224.84892635446224,187.208860903633,257.91594281856254,1198451701
29,16,9.293227800637254,224.65780448364362,186.51800181201858,255.8116562896262,343545439
32,-1,9.026759565147245,215.5695462807653,150.0133589884849,293.37138261522557,3119603477
32,14,9.058846093264,215.52309906466843,150.0133589884849,293.37138261522557,1577606337
32,15,9.034898920101632,215.64986210658398,181.3446470349062,249.86061390520743,1198451701
32,16,8.846910621155955,215.50265784910383,181.69599776364834,244.91246714617841,343545439
35,-1,9.410372412573404,224.9980310485733,150.02775170664913,293.4117980548285,3119603688
35,14,9.460529397257918,224.95665988774292,150.02775170664913,293.4117980548285,1577606548
35,15,9.368666915764381,225.0807072587797,187.70085410375702,258.2646432606071,1198451701
35,16,9.321982976805806,224.8995985657315,187.45042578033622,255.85283646284196,343545439
38,-1,9.013077599380233,215.50086287323424,150.0040557084081,293.33378564018335,3119603387
38,14,9.044521202449639,215.4516458527467,150.0040557084081,293.33378564018335,1577606247
38,15,9.020764042827699,215.5843697584185,181.5213701961725,249.83151914360107,1198451701
38,16,8.837697626909668,215.43556178910478,182.13002809386975,244.3173073740031,343545439
41,-1,9.4109398506653,225.12688401458323,150.05600507631112,293.34977785522403,3119603741
41,14,9.461450212187827,225.08281763816132,150.05600507631112,293.34977785522403,1577606601
41,15,9.368743095187593,225.21144242014495,187.82545283092676,258.3049982852652,1198451701
41,16,9.322569940867428,225.034262326033,187.9420183068151,255.80055301014528,343545439
44,-1,8.966788071267876,216.20825984331304,150.82289920843962,293.27242000039587,3119603740
44,14,8.997741758276765,216.1582434645312,150.82289920843962,293.27242000039587,1577606600
44,15,8.97198354904532,216.2931278086708,182.04930046835258,250.72777776120137,1198451701
44,16,8.802476901225962,216.1418814677613,182.4348637644434,245.24557869627225,343545439
47,-1,9.423693496794476,225.23589654875354,151.2465235192845,293.3139446009928,3119603744
47,14,9.4743139265256,225.19974762008252,151.2465235192845,293.3139446009928,1577606604
47,15,9.381149052690095,225.31134766554806,187.68275394021117,258.1842053063574,1198451701
47,16,9.336416224515064,225.13868748446495,187.7329786760813,256.078295829525,343545439
49,-1,9.000771380238241,218.38174277730582,150.44731042431985,293.2440589815171,3119603743
49,14,9.031264272213647,218.33225735814898,150.44731042431985,293.2440589815171,1577606603
49,15,8.995844651620246,218.46883792894255,182.83757936458247,253.2948610360887,1198451701
49,16,8.874380942789372,218.30515666779297,183.07382059155344,247.72495535176571,343545439
50,-1,8.937695345215866,216.51134231351733,150.24963061050408,293.1811133214374,3119603743
50,14,8.968325075968455,216.46010110316388,150.24963061050408,293.1811133214374,1577606603
50,15,8.941691236793998,216.59744522535533,182.0415876692166,250.54505590641605,1198451701
50,16,8.779090369992595,216.44628044158844,182.81236009529812,245.14869607837718,343545439
51,-1,9.020760268840043,215.7888131741425,150.6205079886429,293.1868001627429,3119603744
51,14,9.050733073729614,215.7403285688477,150.6205079886429,293.1868001627429,1577606604
51,15,9.027635389879212,215.8708726819516,181.25207625822844,250.1247958144222,1198451701
51,16,8.855256682722988,215.72519794095732,181.83034011945801,244.48710625563047,343545439
53,-1,9.37719716442582,224.83400433144112,152.83749268559185,293.29798457872306,3119603744
53,14,9.426882628503106,224.797176181949,152.83749268559185,293.29798457872306,1577606604
53,15,9.336156659448122,224.90931621099475,187.6228132429071,257.4764533635381,1198451701
53,16,9.289017211104449,224.74040006646143,187.7067974662852,255.30507642137584,343545439
55,-1,8.975794472038258,218.40319558988935,152.21696371459635,293.41535365803963,3119603744
55,14,9.006360539846037,218.35433379504195,152.21696371459635,293.41535365803963,1577606604
55,15,8.971172654542952,218.48885211324443,183.1959597471895,253.05984633062494,1198451701
55,16,8.848056911215266,218.32876434156157,183.34094373150236,247.63052499784797,343545439
56,-1,8.945293590037995,216.2734338852701,155.4966459956193,293.23437979196524,3119603744
56,14,8.97600216562446,216.2215858400737,155.4966459956193,293.23437979196524,1577606604
56,15,8.950688127649014,216.3601447707554,181.56815478021392,250.4199682704823,1198451701
56,16,8.78131844755104,216.20903777579724,182.8613205720757,245.05229843800797,343545439
57,-1,9.041824278009088,215.50058745789048,155.52667850767958,293.2651429138849,3119603744
57,14,9.071852804901615,215.4531286589736,155.52667850767958,293.2651429138849,1577606604
57,15,9.050473687161354,215.58070680862863,181.3166300999491,250.03223337354584,1198451701
57,16,8.869857435483844,215.4390297854976,181.70969422137503,244.19271752969863,343545439
59,-1,9.30588072478765,223.9911987938816,158.82255990793462,293.27070739768845,3119603744
59,14,9.351566674780589,223.95366836600897,158.82255990793462,293.27070739768845,1577606604
59,15,9.269748717934547,224.06625275260424,186.90073459056273,256.5323908285145,1198451701
59,16,9.219132986145597,223.90171923704455,186.9177849348019,254.12406189934137,343545439
61,-1,9.008130826346047,218.86543849121426,158.26905420921562,293.2577248228562,3119603744
61,14,9.038924805257007,218.81807880274442,158.26905420921562,293.2577248228562,1577606604
61,15,9.000805725898458,218.9491537725676,183.42700138829233,253.56093526347385,1198451701
61,16,8.888997112974373,218.79088135513732,183.28183028821627,248.20371812006593,343545439
62,-1,8.941139419936412,216.6800840480215,160.43592882189247,293.2326101000432,3119603744
62,14,8.970891153168914,216.62821881150091,160.43592882189247,293.2326101000432,1577606604
62,15,8.94488691718159,216.7658931800697,182.30302474322355,250.9643337219889,1198451701
62,16,8.787556853118215,216.6189126330473,182.6349978937321,245.30602826701784,343545439
63,-1,9.003839363604358,215.6567873406402,159.03398779085364,293.25108816701095,3119603744
63,14,9.033382711379883,215.6104410817148,159.03398779085364,293.25108816701095,1577606604
63,15,9.01216812557406,215.73524885479463,181.34343677395736,249.9894531142616,1198451701
63,16,8.835359123314129,215.5959040670596,182.31402919466916,244.22508438247272,343545439
66,-1,9.269599661359557,223.43042725329224,160.17331342052321,293.21338783680284,3119603744
66,14,9.313873041477283,223.39235858479577,160.17331342052321,293.21338783680284,1577606604
66,15,9.235862104827273,223.50487120580095,186.41960420687172,256.2771521703193,1198451701
66,16,9.181070358990514,223.34554736441171,186.41960420687172,253.25875335248188,343545439
68,-1,8.92717168211538,216.5759880978361,161.31364860996572,293.2132938026934,3119603744
68,14,8.95581259276848,216.53226780505574,161.31364860996572,293.2132938026934,1577606604
68,15,8.9317799128338,216.65237051333665,181.378150299646,250.4085852525359,1198451701
68,16,8.77620825406102,216.5102989324387,182.6093792198037,245.2279361200099,343545439
70,-1,8.367435574485508,221.42208841738181,168.1988684213334,293.1636096839363,3119603744
70,14,8.40542165886234,221.39351740758968,168.1988684213334,293.1636096839363,1577606604
70,15,8.35279158094204,221.4930479912289,189.28324141038155,250.46002650935583,1198451701
70,16,8.24059931450383,221.30574919784638,189.34908946434751,248.6667615558075,343545439
72,-1,9.570719114951244,230.52772043612458,171.44208848596065,293.20724740356803,3119603744
72,14,9.637387103064366,230.49805871130062,171.44208848596065,293.20724740356803,1577606604
72,15,9.509451517429593,230.60411205208788,185.63940475154797,263.8886807831376,1198451701
72,16,9.473900207027768,230.397440350744,184.89859035565578,262.5658985379256,343545439
74,-1,9.023051485546317,222.81287692332165,166.92007820612108,293.139198845133,3119603744
74,14,9.062259144480134,222.76879890002678,166.92007820612108,293.139198845133,1577606604
74,15,9.00033092538982,222.8972637471901,187.84871613799206,256.20741496800935,1198451701
74,16,8.918832372120567,222.7209072786136,187.39077706312221,253.2600602571652,343545439
76,-1,8.851714737948782,219.19461845373576,166.67459579176062,293.1085619402323,3119603744
76,14,8.88480579682671,219.14803763157957,166.67459579176062,293.1085619402323,1577606604
76,15,8.847637252282027,219.2747713772915,185.3348266958071,252.8463919529789,1198451701
76,16,8.710493915318047,219.12891187649873,184.94520117965322,248.7656942206714,343545439
78,-1,9.128938294083666,222.6142404662444,166.42700424027433,293.1711551358951,3119603744
78,14,9.17061450375553,222.56950171617441,166.42700424027433,293.1711551358951,1577606604
78,15,9.100971538498227,222.69224191349724,186.28678751041733,255.23180487312155,1198451701
78,16,9.032107923108978,222.54758023159795,186.28678751041733,251.99650636862205,343545439
79,-1,9.017609117174914,221.262185824697,167.19680249908666,293.2024713794665,3119603744
79,14,9.054997074752809,221.21476002184968,167.19680249908666,293.2024713794665,1577606604
79,15,8.998146717185989,221.34568562140183,184.7306192698066,254.40798006753337,1198451701
79,16,8.910526991594512,221.1886840087637,185.31705106718053,250.33698004329892,343545439
81,-1,8.974719860531454,222.07829251875174,169.04225264045672,293.1845496976155,3119603744
81,14,9.013295801659401,222.0262819706865,169.04225264045672,293.1845496976155,1577606604
81,15,8.953433091597176,222.17050859417492,186.73862889338335,255.54612020039772,1198451701
81,16,8.868001961231851,221.99543789425726,186.8249097903307,251.85124765371665,343545439
82,-1,8.918452894465188,220.65898650308918,168.97487359521057,293.23452848312496,3119603744
82,14,8.954057324305973,220.60673471128956,168.97487359521057,293.23452848312496,1577606604
82,15,8.905407689857133,220.74678133339157,185.89814891385439,254.7322672424639,1198451701
82,16,8.79681436931539,220.592663131231,186.12555802820003,250.5821402449095,343545439
83,-1,8.939231412429375,219.78357369879566,169.2721077230827,293.172952764913,3119603744
83,14,8.973436472427041,219.7327584890491,169.2721077230827,293.172952764913,1577606604
83,15,8.929490722165962,219.8668133313654,184.93762204649295,253.8736528093415,1198451701
83,16,8.812726128345446,219.72654407028142,184.81267286136665,249.48958421555054,343545439
84,-1,8.996585073061658,220.6032315712434,168.6678836115667,293.16099640862285,3119603744
84,14,9.032392363931363,220.55781370059768,168.6678836115667,293.16099640862285,1577606604
84,15,8.979922748127073,220.68065980749532,185.00271694480173,254.125278750618,1198451701
84,16,8.887335751473765,220.5416895847372,185.32255404262946,250.07816342220792,343545439
85,-1,8.992108996339889,219.04579119535367,167.22483487072327,293.27919091941084,3119603744
85,14,9.024189760105822,218.99732859841598,167.22483487072327,293.27919091941084,1577606604
85,15,8.983486437989443,219.12803129231864,183.69812542708422,253.04683792298653,1198451701
85,16,8.871643464257016,218.981444915029,183.77104501063968,248.4843131150842,343545439
86,-1,9.136441974375062,216.32648761347411,164.015621629609,293.09381032976614,3119603744
86,14,9.16613561830568,216.27396455679775,164.015621629609,293.09381032976614,1577606604
86,15,9.139978946725174,216.41162278856058,181.15140933888202,251.79782888056198,1198451701
86,16,8.984003070618122,216.27068808262266,181.0557559101305,245.72888039139931,343545439
87,-1,9.173894492881155,216.9360838791098,163.8537623057102,293.1377378959024,3119603744
87,14,9.20201839933405,216.88445454882296,163.8537623057102,293.1377378959024,1577606604
87,15,9.174920519288266,217.02160227900194,181.18104149000445,253.16172089186097,1198451701
87,16,9.037695224071493,216.87484336473054,181.4289483482895,246.59740994329354,343545439
89,-1,9.458885742324142,222.5754934488176,167.1413798235609,293.16367833634934,3119603744
89,14,9.497866740223314,222.53493056220114,167.1413798235609,293.16367833634934,1577606604
89,15,9.42878818514237,222.66043168734606,184.45095006045722,259.1733731717826,1198451701
89,16,9.381653558013912,222.46545822683683,184.39682337119982,254.64326337006923,343545439
92,-1,9.161242616234732,247.6576333084483,162.55023703453648,293.17181832108884,3119603744
92,14,9.249178261607875,247.71335901793248,168.6615734491488,293.17181832108884,1577606604
92,15,9.100949823271216,247.6638467145073,164.7124236064108,283.15061826008025,1198451701
92,16,8.957882651950744,247.38005804902187,162.55023703453648,280.36858083767953,343545439
93,-1,9.470292559637729,246.70368329995395,163.2855404622094,293.1787172079572,3119603744
93,14,9.560020789635228,246.74529741065865,169.42640218411537,293.1787172079572,1577606604
93,15,9.405646709584142,246.72070812361335,166.25566344763823,282.3337298928235,1198451701
93,16,9.275248191528052,246.4531949657423,163.2855404622094,282.0378410579668,343545439
95,-1,10.476878226791195,241.23211618055979,167.42336832468789,293.2235123038129,3119603744
95,14,10.570735493454695,241.22588823548205,171.9234805644956,293.2235123038129,1577606604
95,15,10.39668350308169,241.2926362743873,169.04692954638884,279.65126763213874,1198451701
95,16,10.319235377965306,241.0495925461587,167.42336832468789,278.53997559206323,343545439
97,-1,10.743938052809664,233.4428848601379,174.0143804154919,293.1694548602625,3119603744
97,14,10.817801110170791,233.4137170956269,174.75998940312675,293.1694548602625,1577606604
97,15,10.671019769429876,233.5266231240545,175.45155976455655,272.26868095165474,1198451701
97,16,10.6542348516151,233.2847078018966,174.0143804154919,269.8761638261237,343545439
99,-1,10.454422188641166,230.3904283556151,175.7681389089704,293.09698216215594,3119603744
99,14,10.518001222423147,230.36478270203597,175.7681389089704,293.09698216215594,1577606604
99,15,10.390269598951043,230.4646173291814,176.92882620599286,269.1027169262872,1198451701
99,16,10.382417324878151,230.2493898098648,176.4888103252551,267.0575825063983,343545439
101,-1,9.592693653416907,226.01422627812602,176.50637349188395,293.10503482545687,3119603744
101,14,9.639889455355895,225.98405006098125,176.50637349188395,293.10503482545687,1577606604
101,15,9.552902238429626,226.08922046214315,181.11637885990208,262.5621317271164,1198451701
101,16,9.511582126068678,225.89118372494244,180.92330039100221,259.0677880725485,343545439
103,-1,9.025100641520442,219.07219726387316,174.39223703970853,293.12555782146296,3119603744
103,14,9.055893244321702,219.03650109850827,174.39223703970853,293.12555782146296,1577606604
103,15,9.02329774062218,219.14566422324046,184.4297981741517,254.86280029803228,1198451701
103,16,8.886845498974473,218.9798307452074,184.8279458778125,249.4150090761673,343545439
104,-1,9.00965830703532,218.82965836697213,173.82436499232423,293.077149850325,3119603744
104,14,9.039811536037007,218.79555472510913,173.82436499232423,293.077149850325,1577606604
104,15,9.007603311659375,218.90205790973712,183.67290992788057,254.86844904904999,1198451701
104,16,8.875302997681224,218.7337024298163,184.64065308870556,248.95052132672777,343545439
106,-1,9.402272041085885,225.75697556561326,175.97714714834555,293.134903818107,3119603744
106,14,9.453027832825162,225.7277996128847,175.97714714834555,293.134903818107,1577606604
106,15,9.359843666853752,225.82745414573156,180.135283834395,258.88054534710614,1198451701
106,16,9.31403307423151,225.64509226238525,179.04143036446115,256.75927585596344,343545439
109,-1,9.034700041450689,216.15150600925287,174.76925898306388,293.06423142331556,3119603744
109,14,9.064782442992902,216.11110772725084,174.76925898306388,293.06423142331556,1577606604
109,15,9.042558428736786,216.22366497849987,182.2139286931206,250.5819187683382,1198451701
109,16,8.865657852332882,216.08529513762545,182.64831505115507,245.34630564601628,343545439
110,-1,9.034022959317992,216.33404891262023,175.3655820804622,293.09013784813277,3119603744
110,14,9.06291815251732,216.2972596859548,175.3655820804622,293.09013784813277,1577606604
110,15,9.04098501027159,216.40314302088086,182.03460375500092,250.84055861499957,1198451701
110,16,8.873850522342188,216.26195648518853,182.37614805871425,245.32684091919626,343545439
111,-1,9.034441654840352,219.749062742736,174.2116472950011,293.10989213104835,3119603744
111,14,9.066847327739833,219.71207770760716,174.2116472950011,293.10989213104835,1577606604
111,15,9.023187571612004,219.82323270317872,183.49194902454641,254.07783468449853,1198451701
111,16,8.922052593084173,219.66016248058673,183.62159445611175,248.9428063294089,343545439
113,-1,9.49675356600404,225.64228786854875,174.27148236429318,293.2049450788345,3119603744
113,14,9.547127072218004,225.60512188255052,174.27148236429318,293.2049450788345,1577606604
113,15,9.45345601324778,225.7251269962923,178.41937442527922,259.41532179768916,1198451701
113,16,9.412814284436031,225.5239763324766,178.11217385205433,256.5965335032797,343545439
116,-1,9.083709917877018,215.628315051899,175.39308215758373,293.1102864510425,3119603744
116,14,9.111451714657717,215.5900038114628,175.39308215758373,293.1102864510425,1577606604
116,15,9.092938857736904,215.69963663306586,180.9222170743593,250.36262235187655,1198451701
116,16,8.920809272808759,215.55544141858658,181.90726243088517,244.39655258274422,343545439
119,-1,9.566513693165406,226.26366779898808,175.93683840660177,293.09605873242714,3119603744
119,14,9.619664299209038,226.21815951998752,176.10872265864245,293.09605873242714,1577606604
119,15,9.518962750675609,226.3584692609739,175.93683840660177,260.2236030134074,1198451701
119,16,9.483962876861913,226.14193481365746,176.08726923480313,257.5229124983049,343545439
122,-1,9.143247670666486,215.21101453969243,175.98343932581932,293.1190677469392,3119603744
122,14,9.171870323717956,215.16978520180126,175.98343932581932,293.1190677469392,1577606604
122,15,9.153409389219103,215.28655769788543,180.86617582782193,250.2439137695675,1198451701
122,16,8.972727520157227,215.13681430937095,181.66279200574405,244.58003350792822,343545439
125,-1,9.653175363799964,226.63728619123293,173.4856562520499,293.1915484170704,3119603744
125,14,9.707783805951117,226.58755553794919,177.51654859596394,293.1915484170704,1577606604
125,15,9.602623075603121,226.74107097336025,174.8298066934143,261.2080245421463,1198451701
125,16,9.573799207676736,226.5036047726397,173.4856562520499,258.21284010081075,343545439
128,-1,9.123717725798743,215.36441056751906,176.05499561459217,293.06728519583265,3119603744
128,14,9.152305999827806,215.32169809906256,176.05499561459217,293.06728519583265,1577606604
128,15,9.133455449609896,215.4435176858066,181.0250520128333,250.26480243334376,1198451701
128,16,8.954672163967667,215.28458826441238,181.60919521213592,244.32577017908304,343545439
131,-1,9.535207447742186,225.9758411981852,174.22995953546425,293.0725668428216,3119603744
131,14,9.58774240779578,225.92733309093535,178.71051593385207,293.0725668428216,1577606604
131,15,9.488058562691435,226.08117684490676,174.38685441225215,259.77617824446827,1198451701
131,16,9.453320713167951,225.83113552318275,174.22995953546425,257.12132356808263,343545439
133,-1,9.006863254222596,220.08743106739,178.4204109869993,293.05161464686904,3119603744
133,14,9.039279025723564,220.03799438878826,178.4204109869993,293.05161464686904,1577606604
133,15,8.994463829004449,220.1850675754536,179.48283666037116,253.88440587176353,1198451701
133,16,8.897109176195192,219.97384781435628,178.93394702399522,249.23616711735662,343545439
135,-1,9.127179904860808,215.35414943057822,177.3528223671567,293.1230230636465,3119603744
135,14,9.155385816061985,215.31139076486375,177.3528223671567,293.1230230636465,1577606604
135,15,9.137420061090321,215.43231251547377,180.89948961839562,250.4806306899121,1198451701
135,16,8.958201060940116,215.2778325139125,181.64278295879956,244.53403145542137,343545439
138,-1,9.692717246652233,227.10584643613353,170.5574046877037,293.0428033963817,3119603744
138,14,9.748736701179448,227.0568090222955,178.27981718882688,293.0428033963817,1577606604
138,15,9.640798208521042,227.21410006271435,171.37949162316082,261.04191649324173,1198451701
138,16,9.611137770941033,226.95339209078207,170.5574046877037,258.57385674171854,343545439
141,-1,9.142374746430061,215.02889850978158,177.80575274831452,293.01818078429926,3119603744
141,14,9.170660623286187,214.98879842965837,177.80575274831452,293.01818078429926,1577606604
141,15,9.154230911113578,215.1040496667856,180.92032011731405,249.91302825287084,1198451701
141,16,8.967405915071852,214.950880065414,181.8212552672512,243.9612844708358,343545439
144,-1,9.644953776590528,226.69037815660312,168.97096862063663,293.0060999306255,3119603744
144,14,9.699539661850348,226.6493116119027,179.68938794557025,293.0060999306255,1577606604
144,15,9.595277833885659,226.78625116144877,170.12340910377492,260.55740383572686,1198451701
144,16,9.562910352556422,226.544510076502,168.97096862063663,258.2112759846182,343545439
146,-1,8.930844519283651,218.1898481774291,178.47716782713303,293.07801467338174,3119603744
146,14,8.958887643662573,218.148959629292,179.7895448208106,293.07801467338174,1577606604
146,15,8.9298676344098,218.27406261977845,178.93212727303876,252.3511406320255,1198451701
146,16,8.801897138546707,218.0838333858506,178.47716782713303,246.99520356405435,343545439
148,-1,9.082909616703459,215.3713701958209,178.370449070437,293.11314761460534,3119603744
148,14,9.109961298985768,215.338177867106,178.370449070437,293.11314761460534,1577606604
148,15,9.095281079490704,215.43722372771327,181.42422408237815,250.43369659769786,1198451701
148,16,8.91226949885355,215.29406502068068,180.63271589780717,244.26621453523742,343545439
150,-1,9.445362604969668,225.35529527790928,169.9559875084106,293.0808980609329,3119603744
150,14,9.495197962711021,225.32191081023274,180.31212420863875,293.0808980609329,1577606604
150,15,9.40304823494657,225.4371741714836,171.11235345368553,258.1024041554961,1198451701
150,16,9.360372205074823,225.22296826249354,169.9559875084106,255.84471710316063,343545439
151,-1,9.468480595402658,225.28155159741982,169.93614162463524,293.0341370675368,3119603744
151,14,9.516939904280528,225.2407479724747,179.5526555283969,293.0341370675368,1577606604
151,15,9.427502736253668,225.36969890757132,170.7520450343985,258.7607533667461,1198451701
151,16,9.38505606293931,225.1614270929899,169.93614162463524,256.07786261285077,343545439
154,-1,9.096615691278481,214.77517175212265,178.17321389389045,293.0106107747441,3119603744
154,14,9.12309998001983,214.74329679407523,178.17321389389045,293.0106107747441,1577606604
154,15,9.111799172284284,214.83844934836517,180.4715588802172,249.54592875634336,1198451701
154,16,8.918740467254787,214.70080313698813,181.18895419716713,243.69252412875178,343545439
157,-1,9.477122052514046,226.00797765768675,167.06881138938797,293.0976818338433,3119603744
157,14,9.528309190310342,225.9764543310507,180.58109203046624,293.0976818338433,1577606604
157,15,9.434012985655135,226.08255926870984,168.28235543910992,258.54575969297713,1198451701
157,16,9.389096093528803,225.89256046446684,167.06881138938797,257.1587412593434,343545439
159,-1,8.86761512830729,216.71909693938284,178.38560002021873,293.1149577956725,3119603744
159,14,8.892928523861604,216.68922928536944,181.61426589614078,293.1149577956725,1577606604
159,15,8.876398416532519,216.7842660067222,178.38560002021873,250.40840748100322,1198451701
159,16,8.717760043854733,216.62891215486616,179.07273246692822,245.17283001621436,343545439
160,-1,8.983456399172498,214.94326529804812,179.06122691368662,293.037874479311,3119603744
160,14,9.00790006363115,214.91748896656352,179.06122691368662,293.037874479311,1577606604
160,15,8.999641338925056,215.00215863203852,179.96382026229202,248.99979768460247,1198451701
160,16,8.811634929895504,214.85618538917663,180.81076509337714,243.2029618269889,343545439
161,-1,8.999278057859456,215.13964950744014,179.626373033764,292.9669234289288,3119603744
161,14,9.024570008756468,215.11077328956068,179.72866600600747,292.9669234289288,1577606604
161,15,9.014028516312017,215.20129482412923,179.626373033764,249.7821072393915,1198451701
161,16,8.828525085509849,215.05720445242198,180.01399850924602,243.73101917028688,343545439
163,-1,9.269843195989305,225.11423795968855,167.6751101431783,293.076328672628,3119603744
163,14,9.317989188256965,225.09218356299607,181.00013776172906,293.076328672628,1577606604
163,15,9.232140114640014,225.17421065455366,167.6751101431783,256.202347997279,1198451701
163,16,9.177550106471545,225.00630109866285,168.56655596757872,254.89997396817472,343545439
167,-1,8.932609428443863,214.6621519028382,178.68759565044562,293.08100224302035,3119603744
167,14,8.955843512478276,214.63873558940972,178.68759565044562,293.08100224302035,1577606604
167,15,8.949958452566406,214.72100692753654,179.4974868643075,248.10827196663533,1198451701
167,16,8.76221847870016,214.56436811664153,179.02143730326992,242.45520274881946,343545439
170,-1,9.118233538202984,223.68406029731216,169.70118571098297,293.07101448849954,3119603744
170,14,9.160302912499663,223.66332434827802,181.26876969179224,293.07101448849954,1577606604
170,15,9.090215470671035,223.73927115470764,169.87866715393213,255.88137614622013,1198451701
170,16,9.02045437575123,223.58668052734586,169.70118571098297,253.2798333959475,343545439
173,-1,8.723617308530207,214.68723679083143,178.72025142730237,293.0368005859324,3119603744
173,14,8.742644909346435,214.6733749128521,179.7179301856755,293.0368005859324,1577606604
173,15,8.743010912042617,214.73713963346876,178.72025142730237,246.891273659692,1198451701
173,16,8.565739249544592,214.57680727527793,179.7590752509848,241.8893716143724,343545439
176,-1,9.121835234780981,224.75642729096103,166.4457381791204,293.0150726975394,3119603744
176,14,9.168141409220306,224.74106177520682,181.36798995643167,293.0150726975394,1577606604
176,15,9.089648800160006,224.81115454657743,166.96550265327284,255.88262180388313,1198451701
176,16,9.018726154452404,224.63607280866276,166.4457381791204,254.69525724477302,343545439
179,-1,8.346161199975779,216.4999519479237,177.1695739741466,293.0913656551274,3119603744
179,14,8.365656942187362,216.48855524910044,183.31985966863502,293.0913656551274,1577606604
179,15,8.36328606941543,216.5495685247193,177.1695739741466,248.0661729625911,1198451701
179,16,8.193916213445927,216.3792006328957,177.2564589218244,243.56851522650922,343545439
180,-1,8.447652532451643,215.79901869365276,177.5677122209847,292.97222605421496,3119603744
180,14,8.466576553506101,215.7884228334664,182.82705918965357,292.97222605421496,1577606604
180,15,8.46625787408265,215.84706219774984,177.5677122209847,247.82234930095,1198451701
180,16,8.292916113310465,215.68007745455196,177.63239905761307,242.89542823230602,343545439
185,-1,8.106409661502067,216.11097561860467,176.67066955759498,293.0612952257118,3119603744
185,14,8.120606119137577,216.10763691908258,183.53708837432436,293.0612952257118,1577606604
185,15,8.123498001775456,216.1547409081031,176.67066955759498,246.11175161584595,1198451701
185,16,7.978903842603909,215.97363299700947,177.04398637231938,241.62815938861283,343545439
187,-1,8.274017312606087,215.6489533510441,177.08202716033543,293.02503217004795,3119603744
187,14,8.289401462818567,215.64517797190257,183.07458569879125,293.02503217004795,1577606604
187,15,8.292062674036176,215.6892946092536,177.40918352994487,246.39758836210322,1198451701
187,16,8.137899232601109,215.52556068840607,177.08202716033543,241.2963684514452,343545439
191,-1,7.942012898001783,217.42362273439838,174.12890585934704,293.0138690424629,3119603744
191,14,7.957728627400703,217.42044425028567,183.60029086558072,293.0138690424629,1577606604
191,15,7.954020638710631,217.47219564714922,174.12890585934704,247.5230464368155,1198451701
191,16,7.824959045355494,217.2687730803417,174.26879825996312,242.85919510058187,343545439
193,-1,7.71145161336858,215.87330624509445,176.55644693437162,292.990145906964,3119603744
193,14,7.718309737165403,215.88632134783094,183.62132491745612,292.990145906964,1577606604
193,15,7.730187121985598,215.90199718863073,176.55644693437162,243.60658659635925,1198451701
193,16,7.61197117298351,215.71345134417356,176.84424511945238,240.5003584369167,343545439
197,-1,7.890301589960327,217.87750364216126,173.67422373330655,292.997913099488,3119603744
197,14,7.907641000283452,217.87135299560384,183.7791185389528,292.997913099488,1577606604
197,15,7.901460541866513,217.92749465677696,174.23888444563815,247.96018863546317,1198451701
197,16,7.768781130300855,217.7313555343033,173.67422373330655,243.39139820468347,343545439
199,-1,6.989445078247221,216.95225158239933,174.85674944697027,293.01108666361876,3119603744
199,14,6.988112147018922,216.98182060556854,183.9542693175434,293.01108666361876,1577606604
199,15,7.005292829763947,216.96725804956088,176.15553327417052,240.95410319800993,1198451701
199,16,6.937147155113779,216.76411689922764,174.85674944697027,239.39929027106015,343545439
200,-1,7.607999105950771,216.38133376454886,174.84052881165383,293.03903996864744,3119603744
200,14,7.616745721751045,216.3926814280211,183.94559502916024,293.03903996864744,1577606604
200,15,7.624340141353245,216.41378098560358,175.0251769618631,244.22090393960897,1198451701
200,16,7.508010710956041,216.21603226537934,174.84052881165383,240.40665941378532,343545439
202,-1,8.655519574750533,220.09453626740992,168.68785647622673,293.05843246812464,3119603744
202,14,8.684802073443654,220.06663572295164,183.6770114316069,293.05843246812464,1577606604
202,15,8.650115069138302,220.16872971625943,168.68785647622673,253.04800334415762,1198451701
202,16,8.536550407524734,219.96383687022137,168.68785647622673,248.69726808507775,343545439
203,-1,8.1173761260314,218.70099563770503,171.5728418964649,293.00114769971435,3119603744
203,14,8.138690377471631,218.68609078476325,183.84221898170745,293.00114769971435,1577606604
203,15,8.124596427893046,218.7600464167225,171.5728418964649,250.15915334948033,1198451701
203,16,7.99121264511112,218.56344320136978,171.7963721966902,245.72139321165986,343545439
205,-1,6.478987158311846,218.5391298081842,174.29158173576246,293.0572429971754,3119603744
205,14,6.475947880859987,218.57970274341372,183.65016474126045,293.0572429971754,1577606604
205,15,6.488292706168595,218.54504556085328,174.57244949170172,239.74943157065854,1198451701
205,16,6.456518078003091,218.33217647293503,174.29158173576246,238.94262387893409,343545439
207,-1,7.540032413465469,217.24419608467198,172.92089545604406,293.00989186505245,3119603744
207,14,7.551872906220883,217.2552824959308,184.26961785210477,293.00989186505245,1577606604
207,15,7.553163992102525,217.27429846022915,173.5702853018247,244.93629654676374,1198451701
207,16,7.437207097610479,217.08827423933138,172.92089545604406,240.8507944094608,343545439
210,-1,6.999924080137434,219.0931252573792,171.95709352106323,292.9786592637888,3119603744
210,14,7.012859612616337,219.1176916428833,184.39744869896964,292.9786592637888,1577606604
210,15,7.005598145218923,219.10833085111594,172.84111332916956,244.01640670184742,1198451701
210,16,6.917965323310579,218.9272687061992,171.95709352106323,240.80989821965377,343545439
212,-1,6.221940426446263,219.62232469923202,172.99834366796998,293.0046242744614,3119603744
212,14,6.21978577674433,219.670326071907,184.3033836511105,293.0046242744614,1577606604
212,15,6.2272031912741905,219.61930848378975,173.07107284508743,239.01998316729723,1198451701
212,16,6.209059399422328,219.41241798582703,172.99834366796998,238.81043969475797,343545439
213,-1,6.674089758672286,218.04582669123704,173.2220651038435,292.97199800981275,3119603744
213,14,6.67501675909471,218.07917763038466,183.92761205138382,292.97199800981275,1577606604
213,15,6.68713229757423,218.05418641918666,173.4630108105031,241.27794760048548,1198451701
213,16,6.621188746196912,217.86351196683734,173.2220651038435,239.39966707642404,343545439
214,-1,7.531060476220466,218.21887700183933,171.17532422184328,293.01850962350557,3119603744
214,14,7.548102146735511,218.2312869985533,184.18959277170418,293.01850962350557,1577606604
214,15,7.538130157338277,218.2401948424444,171.9033231274747,245.57994171238536,1198451701
214,16,7.426009862162702,218.08752175742774,171.17532422184328,242.06615734729755,343545439
217,-1,6.1921455153901634,220.7404593991425,170.85859445549528,293.0364618922021,3119603744
217,14,6.198582651667603,220.78471501150185,184.49097050958818,293.0364618922021,1577606604
217,15,6.192151034033151,220.73837211618144,172.4147076767214,240.11565117298701,1198451701
217,16,6.158632257434896,220.5445131548758,170.85859445549528,239.0833282296628,343545439
218,-1,6.026121073605136,221.68367751623103,170.9907183332627,292.98573445615995,3119603744
218,14,6.027222665067936,221.74256333597026,184.48233707226328,292.98573445615995,1577606604
218,15,6.021380849656149,221.66706933499802,172.3707029117222,239.54463380615812,1198451701
218,16,6.032441479989321,221.47120327915243,170.9907183332627,239.34508955096965,343545439
219,-1,6.097551471588011,220.44495575695936,171.9039153511739,292.96544361295884,3119603744
219,14,6.09649769376705,220.49756940535443,184.55062581930008,292.96544361295884,1577606604
219,15,6.09888157958133,220.43581193350548,173.13576361634063,239.13421200862408,1198451701
219,16,6.093075385866801,220.23524490005968,171.9039153511739,238.87913085798925,343545439
222,-1,7.235506738945198,218.5679196313261,170.54652838824398,293.0324009432229,3119603744
222,14,7.24944744262245,218.57871979232084,184.65933427884826,293.0324009432229,1577606604
222,15,7.246196119181191,218.59809103571342,171.03438587055464,245.75077188525663,1198451701
222,16,7.13144856082545,218.41307147972802,170.54652838824398,241.9569119772334,343545439
224,-1,5.914755446740029,221.9613022996469,171.17101760797016,292.99813170869464,3119603744
224,14,5.919618774018812,222.01825285544294,184.48794205287518,292.99813170869464,1577606604
224,15,5.910561918825198,221.94599119479838,171.45049194086297,239.2797409107607,1198451701
224,16,5.902033970391721,221.75319022724236,171.17101760797016,239.08864624747017,343545439
225,-1,5.970033772134426,222.20737312523624,171.32832361681957,293.0205400117804,3119603744
225,14,5.972856257649354,222.26802838228417,184.59490986824093,293.0205400117804,1577606604
225,15,5.963416424998063,222.18946860463672,171.32832361681957,239.45056892562837,1198451701
225,16,5.974720392149061,221.99129565049503,171.37912090246465,239.13236980542987,343545439
226,-1,6.037906007574437,221.38371978497614,171.53590972879522,293.0551056794664,3119603744
226,14,6.039094498039801,221.43959866647342,184.54762442183593,293.0551056794664,1577606604
226,15,6.033993706264597,221.37490920266214,172.16417448097792,239.1943008239431,1198451701
226,16,6.040656224905952,221.15785203560625,171.53590972879522,239.02123419962777,343545439
228,-1,7.075893758544689,219.35133056689065,168.9609602237679,292.9299092203226,3119603744
228,14,7.091778938617322,219.3609503567394,184.7036948057319,292.9299092203226,1577606604
228,15,7.080039061203899,219.3905839105297,170.2595349922144,245.10104609185706,1198451701
228,16,6.985089687870295,219.17022066588368,168.9609602237679,241.74423039259977,343545439
230,-1,5.764519687495508,222.27381209484835,170.70940736951835,293.0113736441961,3119603744
230,14,5.770276536929311,222.33245604034673,185.12802326138103,293.0113736441961,1577606604
230,15,5.760183105668022,222.2610088342678,171.3513198835836,239.60524805734198,1198451701
230,16,5.747370789889876,222.04917518362538,170.70940736951835,239.13256650080677,343545439
231,-1,5.830562622157154,222.36507199426714,170.6617873204739,293.0460412957932,3119603744
231,14,5.837369712189841,222.4214667296061,184.90864643102105,293.0460412957932,1577606604
231,15,5.824321225679534,222.35554772036497,171.0487612566139,239.44015955223196,1198451701
231,16,5.815377091345361,222.13932507453376,170.6617873204739,239.09435017639112,343545439
232,-1,5.939721419057056,222.9066854808201,170.14417346487195,292.99573473234074,3119603744
232,14,5.947011060940955,222.96927388477897,184.64946715262468,292.99573473234074,1577606604
232,15,5.929583252864095,222.89342758392368,170.71774603158133,239.5927959527134,1198451701
232,16,5.935098912907505,222.66552107889024,170.14417346487195,239.2110457895657,343545439
236,-1,5.911954735701447,224.85994303408702,169.25515424407507,292.97083425442247,3119603744
236,14,5.92183542529992,224.92496178949358,184.20560788843449,292.97083425442247,1577606604
236,15,5.8969985360838715,224.8359601103317,169.25515424407507,240.18347723544102,1198451701
236,16,5.912933961899137,224.64503218456838,169.52307663651297,239.96665752422854,343545439
237,-1,6.035882337205673,225.55687788701692,168.98851188395733,292.9510150979084,3119603744
237,14,6.047715361276099,225.61932583264957,185.37511059972257,292.9510150979084,1577606604
237,15,6.018032493926812,225.53547777987046,169.31207395404607,240.15482621277943,1198451701
237,16,6.038323573448238,225.34476243341868,168.98851188395733,240.05546769322686,343545439
239,-1,6.513018766515843,226.4618595750081,168.69524507904393,292.9964106071099,3119603744
239,14,6.52368530711577,226.53265484223203,183.70608158740444,292.9964106071099,1577606604
239,15,6.49333003070769,226.43905201646103,168.69524507904393,243.4665224267917,1198451701
239,16,6.526028917468648,226.2163219715587,169.4258597239305,243.78098079335396,343545439
243,-1,6.261218579174285,227.26974558397603,167.82092078859804,292.99037178594847,3119603744
243,14,6.2718805284928685,227.33124902826344,183.56826662773517,292.99037178594847,1577606604
243,15,6.243996052249155,227.24974145185638,167.82092078859804,242.52141649440466,1198451701
243,16,6.26710117382277,227.05709757466644,168.81543575644378,241.82146965410266,343545439
246,-1,6.941999363031687,228.85697298933152,167.9948453665823,292.9315287127594,3119603744
246,14,6.957186706007834,228.9292937190888,183.55863910062396,292.9315287127594,1577606604
246,15,6.917432004890892,228.82471448839618,167.9948453665823,246.65002784776837,1198451701
246,16,6.952260391922112,228.63739968987784,168.13412696145028,246.49694027246005,343545439
249,-1,6.777704495982624,229.1451634981513,168.44614321435094,293.0547459781062,3119603744
249,14,6.795273905702716,229.2233190290297,181.92958219204826,293.0547459781062,1577606604
249,15,6.754189149250164,229.11080593811747,168.47379340080485,246.51176485896272,1198451701
249,16,6.7722186034557135,228.90611853912858,168.44614321435094,246.31580969005716,343545439
252,-1,7.383143238247429,231.24521368934097,166.95724874772782,292.9357621830843,3119603744
252,14,7.404859209857039,231.3281216892192,181.7719900388639,292.9357621830843,1577606604
252,15,7.352722820798498,231.1978430135434,166.95724874772782,249.63232249177577,1198451701
252,16,7.3833643459843925,231.02974076278818,167.81072124498215,249.57436498441982,343545439
254,-1,6.261877430925225,226.43441968140436,166.2627791911313,292.9817869410248,3119603744
254,14,6.280151042949267,226.49032784169168,185.78694188489666,292.9817869410248,1577606604
254,15,6.238565527869839,226.42271075187844,166.2627791911313,240.54462316509236,1198451701
254,16,6.254101079020815,226.2185283087945,168.06740275808693,240.29195050774987,343545439
259,-1,7.987718163870945,233.56058454280947,166.3835868534366,292.9457836543656,3119603744
259,14,8.015664628879971,233.64034061452793,183.0854302357744,292.9457836543656,1577606604
259,15,7.957390629009542,233.52931148666897,166.3835868534366,253.03188233496329,1198451701
259,16,7.958521141097543,233.3034294532754,166.90786509504687,252.8468445599463,343545439
260,-1,6.849753248908931,229.51461027378662,166.20785327705826,293.10811032293407,3119603744
260,14,6.871974115197479,229.5769974544221,185.85120640698176,293.10811032293407,1577606604
260,15,6.821347568533949,229.49823936056433,166.20785327705826,245.73475396859666,1198451701
260,16,6.841214831117357,229.28522961425386,167.36964116502935,245.64030429938634,343545439
262,-1,7.514618160202335,231.93045027311774,166.14983536146357,292.94262366995724,3119603744
262,14,7.540734771506014,232.01125010197256,183.2963837164842,292.94262366995724,1577606604
262,15,7.481574636467444,231.89013940734426,166.14983536146357,250.5692304533475,1198451701
262,16,7.50358430133935,231.70003033746434,166.99794603789394,250.6103023148143,343545439
265,-1,8.638746527454254,235.6036691789369,165.3430383984761,293.00623862849835,3119603744
265,14,8.674812504030514,235.70392718236315,181.26476160396143,293.00623862849835,1577606604
265,15,8.597827260881585,235.54032080845477,165.3430383984761,257.14838828996596,1198451701
265,16,8.608336222775444,235.36426059825962,166.0324340618674,256.79838316374145,343545439
267,-1,7.0902163311640924,230.83862303364717,164.11189694687923,292.99227625239575,3119603744
267,14,7.1168093806149955,230.91475111935603,185.5982221729787,292.99227625239575,1577606604
267,15,7.054257653282686,230.79474843802868,164.11189694687923,248.0581752770751,1198451701
267,16,7.087916942756115,230.64208837083515,165.4936603485072,247.82254366233877,343545439
269,-1,7.22775951767025,230.527434382378,164.66882482744813,292.9663181048879,3119603744
269,14,7.2515133014800375,230.5930442133071,185.71597867433513,292.9663181048879,1577606604
269,15,7.197310882905965,230.51009865192475,164.66882482744813,247.76272374443448,1198451701
269,16,7.219038501074642,230.28662062815633,165.5234889769279,247.8554227331088,343545439
275,-1,7.277125814643994,231.90268691481333,163.75311034437098,292.9192387207862,3119603744
275,14,7.2938518481641506,231.95739149796586,183.58464860168763,292.9192387207862,1577606604
275,15,7.253324207833853,231.88998709937144,163.75311034437098,248.5086468576216,1198451701
275,16,7.279200390919992,231.6957792159695,164.94125042504825,248.47512834838963,343545439
279,-1,10.592505106234771,241.73814378417615,162.9080834068405,293.06756987502723,3119603744
279,14,10.631551333820955,241.8020443067708,180.85705048060476,293.06756987502723,1577606604
279,15,10.553242191932133,241.70776927728892,163.36143680092454,269.1045690829565,1198451701
279,16,10.54678840986737,241.55066492494342,162.9080834068405,268.82128565133513,343545439
282,-1,7.476151796064089,230.79254961910766,163.73992800840088,293.0174247155769,3119603744
282,14,7.500500736220713,230.86283798947156,185.34595800847862,293.0174247155769,1577606604
282,15,7.441970809050683,230.76230861989117,164.15298447143132,248.80831313523092,1198451701
282,16,7.478234933939652,230.57527116960526,163.73992800840088,248.20467326347114,343545439
285,-1,12.734843281189487,246.84194022826222,160.45515429397403,292.8889597759111,3119603744
285,14,12.785777950471518,246.90833127662765,179.75793217620415,292.8889597759111,1577606604
285,15,12.685212154986033,246.80085700728043,160.45515429397403,279.88039356889175,1198451701
285,16,12.67106618596628,246.68038168613413,161.28545488520555,280.08352791522447,343545439
294,-1,6.590666879869455,230.00003130879855,160.44301126946627,293.01812765184815,3119603744
294,14,6.617834281166799,230.07000480437443,186.28937296148396,293.01812765184815,1577606604
294,15,6.55868168937768,229.97001576940355,160.44301126946627,245.41386557800578,1198451701
294,16,6.571430229665899,229.7834122941561,160.82898108293972,245.24091383028738,343545439
296,-1,5.850014623004588,225.92308339092045,159.09967998416684,293.02961017830245,3119603744
296,14,5.868571240367859,225.99041149297256,186.98446697922088,293.02961017830245,1577606604
296,15,5.830392679900033,225.8980424027154,159.09967998416684,240.26496385649125,1198451701
296,16,5.826783060184559,225.70125875035794,161.92104993463008,240.15581938719407,343545439
299,-1,6.683591363845745,219.93442262808387,160.48637908507266,292.93239535115896,3119603744
299,14,6.700191738493929,219.9530115815304,186.5936482210507,292.93239535115896,1577606604
299,15,6.690694042049591,219.96278219440063,160.48637908507266,246.83720115458664,1198451701
299,16,6.578783573968217,219.75012786231747,161.2565749527355,242.6606875021099,343545439
300,-1,7.700644359498438,219.57811296557463,159.29234431193575,292.9864881885604,3119603744
300,14,7.723051499830341,219.57622545428754,187.00831715171583,292.9864881885604,1577606604
300,15,7.708436152019573,219.62488755238405,159.29234431193575,250.89695267090212,1198451701
300,16,7.56719996856799,219.42360841733137,159.98147307046136,246.5208443178321,343545439
303,-1,9.334274810802189,225.6393071395231,154.08487604798788,293.0041261812038,3119603740
303,14,9.374349218620376,225.61784894011876,187.93461310146697,293.0041261812038,1577606604
303,15,9.30160105468559,225.70696448982693,154.08487604798788,262.7229079697482,1198451699
303,16,9.261369188088505,225.50182468671105,190.7274783747961,258.51897676177526,343545437
306,-1,6.690529064517158,227.83689568549815,160.0165911236783,292.9194733621921,3119603744
306,14,6.716233684133625,227.935226833355,186.06414740107164,292.9194733621921,1577606604
306,15,6.659827061987836,227.79092064490774,160.0165911236783,244.9405988866815,1198451701
306,16,6.668880893600779,227.54572895387187,161.53500835594582,244.26909805757631,343545439
309,-1,12.448220098724203,246.05196992655397,159.41398146925494,292.9375086907181,3119603744
309,14,12.498448845107086,246.13150348771467,178.4129960635011,292.9375086907181,1577606604
309,15,12.399295656763675,245.9988178160779,159.41398146925494,278.88322102739966,1198451701
309,16,12.384409431412886,245.8721612983423,159.52417471207443,278.5464586320376,343545439
313,-1,14.40421234165086,250.7010015805129,155.88887326078145,292.91964864672116,3119603744
313,14,14.458966276572927,250.735503014218,181.23125260182348,292.91964864672116,1577606604
313,15,14.350854063706363,250.68160444090674,155.88887326078145,287.3854856888662,1198451701
313,16,14.337415456768452,250.61023293344275,157.17374286551228,287.5163736696482,343545439
320,-1,15.414894064784479,253.49956748209968,156.13767318659032,292.96903342106503,3119603744
320,14,15.466702620011123,253.53518768403842,177.46340742858163,292.96903342106503,1577606604
320,15,15.359731683923336,253.46273563397781,156.13767318659032,292.75816522044096,1198451701
320,16,15.368217959493663,253.46448194926066,157.10497411510138,292.43229779089495,343545439
323,-1,8.941644928636574,235.5152193955062,158.44241344959403,292.97586692134945,3119603744
323,14,8.97392291210668,235.59064094802275,184.65803451061015,292.97586692134945,1577606604
323,15,8.897106270813138,235.46801778271393,158.44241344959403,258.2891484634993,1198451701
323,16,8.944396346074122,235.33353546346257,159.75775786964675,258.34315760291906,343545439
326,-1,15.491107099991893,253.42342102450397,155.36144646687066,293.6195110722905,3119603744
326,14,15.539923679811002,253.4576029411679,177.00190529517536,293.6195110722905,1577606604
326,15,15.43963241414928,253.39001991924022,155.36144646687066,292.9949104560228,1198451701
326,16,15.445432805169313,253.38297220909186,156.19289628057263,293.14526885671984,343545439
327,-1,14.251822583494429,250.55590744889523,155.80946163404204,292.90501386487705,3119603744
327,14,14.296373999962247,250.59809433764406,177.15149830586338,292.90501386487705,1577606604
327,15,14.205644408647856,250.522895799528,155.80946163404204,287.1201955061429,1198451701
327,16,14.207040429184438,250.47734012157466,156.427227791078,287.38831647803073,343545439
329,-1,8.15251849081504,233.1437047876088,155.57648434702892,292.9960916255658,3119603744
329,14,8.17814550981256,233.2137517567031,184.53203061794076,292.9960916255658,1577606604
329,15,8.116964214852569,233.11100346179458,155.57648434702892,253.49543716255803,1198451701
329,16,8.154157051182786,232.93611768735826,158.81204647448132,253.0841685969184,343545439
332,-1,15.386174819816143,252.92633825764355,153.6314004656736,293.56182643210906,3119603744
332,14,15.433894254763679,252.96511933643842,176.23868180845503,293.56182643210906,1577606604
332,15,15.336983665308379,252.892533301326,156.5348418439329,292.76875428238344,1198451701
332,16,15.33748040993721,252.8661783012891,153.6314004656736,293.0696078892503,343545439
335,-1,7.926671786569392,232.41405262056944,154.81809550993444,293.0050123615757,3119603744
335,14,7.9504697792201044,232.47438815270837,185.30162291319007,293.0050123615757,1577606604
335,15,7.894035595560122,232.39537915921687,154.81809550993444,251.8280848148818,1198451701
335,16,7.926876279115001,232.2021258005,156.9087358097795,251.41031392909798,343545439
345,-1,12.344200759566995,247.57774783112637,154.14956085732067,292.9573811933927,3119603744
345,14,12.376056437552917,247.61191284401016,176.359569907598,292.9573811933927,1577606604
345,15,12.30923697285465,247.55329396765546,154.14956085732067,282.9474199513932,1198451701
345,16,12.318989329969334,247.50616435806367,155.50063460638532,282.30516370363165,343545439
347,-1,8.4337830025032,234.43399450103746,153.80548330134746,292.9288695114073,3119603744
347,14,8.454716286835446,234.4834659345477,184.22625655826405,292.9288695114073,1577606604
347,15,8.405032366961224,234.42391671360872,153.80548330134746,255.6964055810006,1198451701
347,16,8.434786958857178,234.24197123063448,156.44424326992294,255.47481188626716,343545439
350,-1,13.76589486423517,249.35952263113091,151.1134041425528,292.9733831974935,3119603744
350,14,13.814649101011836,249.42311046307023,177.98570928472012,292.9733831974935,1577606604
350,15,13.716401180091767,249.3089121996602,151.1134041425528,285.33798027640483,1198451701
350,16,13.712372671772858,249.24407232553952,153.0718259771949,285.5144542685659,343545439
354,-1,8.115174009081276,232.95525932759807,154.1023408172778,292.92887560677843,3119603744
354,14,8.141537666702138,233.0296092649583,184.47790887959627,292.92887560677843,1577606604
354,15,8.078944510561243,232.91819913052987,154.1023408172778,253.53920181631193,1198451701
354,16,8.115383641327346,232.7431182606613,156.02237031231348,253.06231549562258,343545439
356,-1,13.653898677507007,249.08228698382166,152.165297584906,293.05686226731046,3119603744
356,14,13.701674170145916,249.144677410823,177.300929411494,293.05686226731046,1577606604
356,15,13.60427124938954,249.03031141536488,152.165297584906,284.60677139566786,1198451701
356,16,13.605442249508984,248.9770975761514,153.52540324619963,284.9421784379598,343545439
360,-1,8.09386187514221,232.92932711349104,153.64343975002976,292.9888289905974,3119603744
360,14,8.118223276580586,232.99313755221436,185.09248080788112,292.9888289905974,1577606604
360,15,8.059899084726613,232.90258102436786,153.64343975002976,253.0594672481219,1198451701
360,16,8.096278908619212,232.72960426538975,155.60133106069625,252.52319489138566,343545439
363,-1,14.704322262328864,251.6451187109875,151.14818725319515,293.06403753575756,3119603744
363,14,14.753020415803586,251.68917178186416,177.873782789177,293.06403753575756,1577606604
363,15,14.653860820527223,251.60633296462666,151.3968026592226,289.3929829606115,1198451701
363,16,14.655339562667173,251.57812445279637,151.14818725319515,289.8466015076653,343545439
366,-1,8.22352899566905,233.42599010897735,152.41172245613149,292.93540593741625,3119603744
366,14,8.247897407244643,233.4847678108294,185.0247339533316,292.93540593741625,1577606604
366,15,8.189882072078651,233.4046129138169,152.6510084117552,253.77641321659507,1198451701
366,16,8.22521494620935,233.23064897767767,152.41172245613149,253.6474093391039,343545439
371,-1,11.27698288904693,242.55495491157637,150.82868515929508,293.03741623292024,3119603744
371,14,11.305538157261468,242.59507866258008,180.25289085275062,293.03741623292024,1577606604
371,15,11.242874061673149,242.53546985195885,150.82868515929508,271.68346342999325,1198451701
371,16,11.263501228444014,242.4386745387841,152.60690599037707,271.7598405364761,343545439
372,-1,8.480253951230848,234.60439395141205,151.8588239209476,292.96670545546084,3119603744
372,14,8.50298337734863,234.65845377663317,183.54143605303165,292.96670545546084,1577606604
372,15,8.447956624129153,234.58293926468087,151.8588239209476,255.87510908276963,1198451701
372,16,8.485531061686341,234.43098826846688,154.04334111704213,255.23240651396742,343545439
373,-1,10.568411950496682,240.87338813006176,151.39195195308156,292.96198312689955,3119603744
373,14,10.608309175036416,240.94961592241384,180.92874533916813,292.96198312689955,1577606604
373,15,10.522557948420701,240.8231155461364,151.39195195308156,268.0888282285059,1198451701
373,16,10.541308751380432,240.6987148609926,153.28334083234927,267.6595905499278,343545439
375,-1,14.712512815462958,252.22321927183975,150.7417964476563,292.95261507303354,3119603743
375,14,14.768637983909242,252.27396643938388,176.6915525300573,292.95261507303354,1577606604
375,15,14.658395890084526,252.18309841083433,154.63233172297794,290.02863795777034,1198451700
375,16,14.64166786134562,252.13014234825258,150.7417964476563,289.7717969310406,343545439
377,-1,11.827373774222275,244.30993780332045,150.38763747370857,292.9313161048688,3119603743
377,14,11.859692746918267,244.34953916561267,180.0412275417365,292.9313161048688,1577606604
377,15,11.790757843855738,244.28874993298382,158.47819402732569,274.70993413388953,1198451700
377,16,11.80541060005631,244.2019965319614,150.38763747370857,275.2114648087694,343545439
379,-1,10.164761869738742,240.1438953884305,151.0124624536148,292.9580780234977,3119603743
379,14,10.203974535741875,240.2166463022658,181.1769499125083,292.9580780234977,1577606604
379,15,10.119716134123596,240.0974958543025,157.76497101722225,266.3744248213965,1198451700
379,16,10.13807882110469,239.97167735016802,151.0124624536148,266.06988884187547,343545439
381,-1,14.021757893241752,251.41998092208408,156.90652009025678,292.96092613008,3119603741
381,14,14.07453547090148,251.46489369454483,176.3956745013137,292.96092613008,1577606604
381,15,13.971159438112489,251.38689194268494,156.90652009025678,288.0771778215973,1198451700
381,16,13.954210040113445,251.32916573589407,179.83609810004413,286.9533254000668,343545437
383,-1,9.84324236053473,241.25875927819203,150.19733863925242,293.0297834618804,3119603744
383,14,9.872334617955739,241.29972000760475,179.380214374271,293.0297834618804,1577606604
383,15,9.812434996468827,241.24252109206225,150.19733863925242,266.454674989635,1198451701
383,16,9.815396922601156,241.12730873246747,150.8737002371668,265.05695017996993,343545439
386,-1,7.185637352305036,234.05391385206872,151.2687319212299,292.95637991328783,3119603742
386,14,7.226029914015717,234.14356075946316,184.83217361030256,292.95637991328783,1577606604
386,15,7.148231522726983,234.0095683072078,154.04047134309764,250.44466874463316,1198451700
386,16,7.121854537630349,233.79694184853543,151.2687319212299,250.31963618744493,343545438
389,-1,10.912157685174117,242.98338165614774,155.84828475580326,293.00301418961084,3119603741
389,14,10.95046292003486,243.03586142558444,181.77057337453098,293.00301418961084,1577606604
389,15,10.870892372332586,242.95534545561145,155.84828475580326,271.2055214768113,1198451700
389,16,10.87792894463549,242.8401912849554,183.96626114685583,271.12878207704705,343545437
398,-1,13.983878258175892,251.4636506663341,154.20729249156523,292.9162049241198,3119603741
398,14,14.020518877619276,251.47889068203213,177.407526363531,292.9162049241198,1577606604
398,15,13.939893757910355,251.44365915228806,154.20729249156523,289.07637406740736,1198451700
398,16,13.968500531012754,251.46340649072522,179.33289124095526,288.3807441954863,343545437
401,-1,12.743272462276417,248.8113966230699,152.4135932640032,292.9275491816475,3119603741
401,14,12.769666673634067,248.81371695020863,177.77084251533745,292.9275491816475,1577606604
401,15,12.711580313838288,248.8138253131249,152.4135932640032,283.6994730790286,1198451700
401,16,12.732340346932125,248.79226893154785,180.41380844059685,282.63861255512177,343545437
404,-1,16.296910613252614,255.10016482948762,150.3874164568334,296.9200766374498,3119603742
404,14,16.337217151647856,255.10506224028532,177.16219147501118,296.9200766374498,1577606604
404,15,16.249009099627962,255.08192757813077,155.1698778978867,296.5691094406607,1198451700
404,16,16.278345182345547,255.14129556711947,150.3874164568334,295.44681721021647,343545438
405,-1,18.540690864252756,259.82196017518953,153.8940065508258,309.8607416819889,3119603741
405,14,18.57147120736485,259.78202430814383,175.73379445944173,309.8607416819889,1577606604
405,15,18.499035406605937,259.83392195941985,153.8940065508258,309.2741955674576,1198451700
405,16,18.543624716532175,259.96362256304394,178.30990388192365,308.6912222983846,343545437
407,-1,15.471854268696049,253.3289891683738,152.28941866627673,292.9806637584867,3119603741
407,14,15.506274182867843,253.3234138617881,176.74618948710585,292.9806637584867,1577606604
407,15,15.432855174941302,253.33094972873673,152.28941866627673,292.09204558233387,1198451700
407,16,15.44946110219998,253.34775234463757,179.9597011319163,292.00170548626437,343545437
408,-1,11.861508118584924,244.69323657426594,152.46924587896135,292.94067143934643,3119603742
408,14,11.894790495124639,244.7294721967713,178.49802746716244,292.94067143934643,1577606604
408,15,11.824909383854651,244.6764995566224,153.3568608977071,274.8406526401913,1198451700
408,16,11.835117086158935,244.5852245152711,152.46924587896135,274.86101160678163,343545438
410,-1,16.64926441233759,255.88890454107425,153.75396534165785,299.1634037157623,3119603741
410,14,16.68933936603085,255.88791141995895,175.90996059436085,299.1634037157623,1577606604
410,15,16.601111884110907,255.87382683415046,153.75396534165785,298.5225870895886,1198451700
410,16,16.632619257174568,255.9460633789167,179.83638021984473,297.85024115767266,343545437
411,-1,18.834854180305438,260.4629348612445,154.16555450069302,312.36655711977437,3119603741
411,14,18.86303956416618,260.41565413890106,174.6457203304246,312.36655711977437,1577606604
411,15,18.794560319975872,260.4786224260995,154.16555450069302,311.60051166172985,1198451700
411,16,18.844742311981246,260.6253284925751,178.34279118153773,310.75580537972974,343545437
414,-1,11.768863458027077,245.3052806704467,153.28905715314585,292.9705678286075,3119603741
414,14,11.796884712003893,245.3244161001288,178.99526858722356,292.9705678286075,1577606604
414,15,11.734816499746787,245.29505700767146,153.28905715314585,275.8428922803462,1198451700
414,16,11.75842593041556,245.25307326999254,182.070096022128,275.08618582382104,343545437
416,-1,16.399431149856966,255.81825276388759,150.89816575655573,299.5929398653633,3119603741
416,14,16.435720868770915,255.8066273230766,176.1680977077454,299.5929398653633,1577606604
416,15,16.353692072771373,255.81174038277834,150.89816575655573,298.3010787607454,1198451700
416,16,16.391735083599105,255.8943566604713,179.6346393060034,296.81214294972625,343545437
418,-1,18.785627261281082,260.30250894919914,150.4196683079631,311.8772014294108,3119603741
418,14,18.812917788665764,260.25119087666855,176.25411229270296,311.8772014294108,1577606604
418,15,18.74637772910333,260.3229227430834,150.4196683079631,311.2602361759778,1198451700
418,16,18.79590952677295,260.46695527291746,179.23676553877704,310.51713610618896,343545437
423,-1,19.142458381453217,260.39099006756123,150.51137733861557,313.52689061670446,3119603741
423,14,19.167235761480047,260.3313089103893,177.27763778464202,313.52689061670446,1577606604
423,15,19.103599947004394,260.4166657307986,150.51137733861557,313.3782646556149,1198451700
423,16,19.16263600734821,260.5754848639026,179.6286297702936,312.96361077724356,343545437
426,-1,13.40065966919467,249.13315644989987,152.3387385067916,292.9963121911712,3119603741
426,14,13.438635903831786,249.1500808224352,178.71956506185685,292.9963121911712,1577606604
426,15,13.359380505974551,249.12183485364793,152.3387385067916,282.47546153311436,1198451700
426,16,13.369644229124383,249.0949326396226,181.560049484353,282.4690393445625,343545437
428,-1,17.47613871118097,257.89658254611294,150.4391850294623,303.617789293489,3119603741
428,14,17.51441163800192,257.8738098535199,175.95319454865543,303.617789293489,1577606604
428,15,17.429030989374738,257.89757797640755,150.4391850294623,303.02264824298635,1198451700
428,16,17.46393982224777,257.9976852573007,178.90272585143506,301.58802007406126,343545437
432,-1,13.82210711758999,250.47363344511058,151.5249711423869,293.02804784180694,3119603741
432,14,13.87224229631307,250.5145825159636,178.02841185267494,293.02804784180694,1577606604
432,15,13.771283609292409,250.44130577962977,151.5249711423869,285.27610284668094,1198451700
432,16,13.767710606575008,250.3983642778682,180.63991259517113,284.68306450676937,343545437
433,-1,14.807567298400441,252.37511360560953,150.47531036285366,292.91677055952033,3119603741
433,14,14.859008528866294,252.40854514993097,177.8062283326136,292.91677055952033,1577606604
433,15,14.754051619896305,252.3437388640751,150.47531036285366,288.82409776996263,1198451700
433,16,14.756841305055366,252.33104166884712,180.3130140534974,288.82409776996263,343545437
434,-1,17.84134007183954,258.6115915824745,150.11714628463073,306.12997986507736,3119603741
434,14,17.881749821950777,258.5919771579025,176.60453935313691,306.12997986507736,1577606604
434,15,17.79296538291354,258.6099755000647,150.11714628463073,305.80944204310305,1198451700
434,16,17.82377321162875,258.7073013166423,179.1321134620569,304.3540767054514,343545437
439,-1,13.057509734838106,250.2756612805466,151.99317270840558,292.9731791520593,3119603740
439,14,13.093402171069336,250.28895039193313,176.85866093820172,292.9731791520593,1577606604
439,15,13.017845250510177,250.2655176564793,151.99317270840558,286.1424696220533,1198451699
439,16,13.030521107906594,250.25002174225392,180.15754878272284,285.2384949802768,343545437
442,-1,19.685030711789302,262.1158325207244,154.54914404970634,318.91585248420193,3119603740
442,14,19.70220169240611,262.0401588951208,175.41469993720898,318.91585248420193,1577606604
442,15,19.65152132252994,262.15046433505603,154.54914404970634,318.1525677612499,1198451699
442,16,19.72083020903265,262.342523509421,178.35389778401526,316.11615658155574,343545437
445,-1,15.396397168265944,254.4805746009881,150.21371974140084,293.26304552963956,3119603741
445,14,15.438702953993118,254.48014957285812,177.0647496476156,293.02418160308576,1577606604
445,15,15.34891023882062,254.47181038509441,150.21371974140084,293.26304552963956,1198451700
445,16,15.36718741759877,254.51310018688798,179.80500804841645,292.61126252954415,343545437
450,-1,15.46136918065903,254.17702310203467,152.98977816626703,292.92965873459104,3119603740
450,14,15.505538862808162,254.1761318918669,178.31675706047338,292.92965873459104,1577606604
450,15,15.412834893640582,254.16882807012252,152.98977816626703,291.73519730857186,1198451699
450,16,15.427211597719067,254.20970387073515,180.82381157347422,290.80436468710354,343545437
457,-1,17.794663317431088,258.5345675680852,155.4218890338177,304.29561443112806,3119603740
457,14,17.831953416032682,258.5072879186174,176.55942957471905,304.29561443112806,1577606604
457,15,17.750536177086342,258.5419212447924,155.4218890338177,304.2844699111281,1198451699
457,16,17.776599256812087,258.63418620691937,179.10499127165815,303.69847447409137,343545437
459,-1,21.258652250867847,264.1494641290769,152.47212778963026,326.61507256545843,3119603740
459,14,21.26204132290148,264.0498494617641,175.1906898744885,326.39751201862134,1577606604
459,15,21.234045150778186,264.1973089126906,152.47212778963026,326.61507256545843,1198451699
459,16,21.325529520402213,264.4400023928637,178.12914996147512,326.1698131895982,343545437
472,-1,21.584808625739313,264.50041890065796,152.47972729381726,328.6501527954787,3119603740
472,14,21.583807406585457,264.39260697076105,174.8608953110632,328.3764239712443,1577606604
472,15,21.563450010087415,264.5531238994835,152.47972729381726,328.6501527954787,1198451699
472,16,21.66004274114024,264.81164532281866,177.53625625449735,328.5231115243842,343545437
477,-1,21.55655940043672,264.4625048664054,150.11304023708718,329.2291469113906,3119603740
477,14,21.553535161734466,264.3508986056802,175.70291044207787,329.1463771667818,1577606604
477,15,21.53615011219434,264.51865422350266,150.11304023708718,329.0928018141373,1198451699
477,16,21.63755040727945,264.7791397852296,178.69507246619898,329.2291469113906,343545437
483,-1,21.68601192329551,264.70431704745937,152.42355802615396,330.00493317227375,3119603740
483,14,21.682306511005145,264.591221363085,175.52426022887076,329.80615790369933,1577606604
483,15,21.66599702583165,264.7612133856677,152.42355802615396,329.9710061105898,1198451699
483,16,21.768669636107113,265.02518576957914,178.36080284223488,330.00493317227375,343545437
509,-1,21.721342412150502,264.9396394223515,152.4662686624541,329.5533751500281,3119603740
509,14,21.71832627935424,264.8258719537175,174.46072635382208,329.34030733973316,1577606604
509,15,21.701054060831524,264.99702956104886,152.4662686624541,329.32577256974577,1198451699
509,16,21.801762793121185,265.2618704540781,177.7730531568993,329.5533751500281,343545437
515,-1,21.841281282897153,265.0836112281903,152.19196197453724,330.7044241332418,3119603740
515,14,21.835661330315048,264.96540499748716,174.55310718248347,330.16991067111064,1577606604
515,15,21.82231731422745,265.1435357618119,152.19196197453724,330.54565909587376,1198451699
515,16,21.928731212890835,265.4173844608139,177.92617858688095,330.7044241332418,343545437
546,-1,21.976455983581467,265.3290297760451,151.03651109510935,331.971478853165,3119603740
546,14,21.96797669067102,265.2066466553976,173.9071291201491,331.34202832978883,1577606604
546,15,21.959915373167803,265.392677939758,151.03651109510935,331.971478853165,1198451699
546,16,22.068358343367546,265.6689940335578,178.04419487174786,331.94766976458635,343545437
552,-1,21.885433441026738,265.2469684646541,150.59351092870222,331.8066008756501,3119603740
552,14,21.878475205511652,265.1264603247234,174.23744285672683,331.0910894207606,1577606604
552,15,21.86756053987755,265.3092175049305,150.59351092870222,331.4443856523994,1198451699
552,16,21.97510635872677,265.5832033752931,177.0324679101652,331.8066008756501,343545437
559,-1,16.248365938678116,257.373147996155,151.5332418820592,306.49455531659646,3119603740
559,14,16.259403639944598,257.30262879302035,174.6571291188689,306.49455531659646,1577606604
559,15,16.21817057834612,257.4090190287948,151.5332418820592,306.14425982159844,1198451699
559,16,16.300759927677948,257.5718461979364,177.57798231294734,304.37581950614396,343545437
566,-1,22.005596346196548,265.46496373266416,152.2763529242287,332.8114055416126,3119603740
566,14,21.99831516019099,265.3442550826744,175.04585456200755,331.9676251838366,1577606604
566,15,21.987898566862206,265.5265793631103,152.2763529242287,332.38995018970775,1198451699
566,16,22.09611633061842,265.8043290504192,177.19741487307982,332.8114055416126,343545437
571,-1,22.077966826703822,265.56287331829304,153.75859425698133,333.24819018656194,3119603740
571,14,22.069739405359897,265.44057982031563,174.349194772031,332.40197707525385,1577606604
571,15,22.061157485492178,265.62612902812236,153.75859425698133,332.91769134051117,1198451699
571,16,22.16966383592877,265.90379508439696,177.2051772592615,333.24819018656194,343545437
573,-1,22.081979672390958,265.55523260603405,153.3004205708592,333.01036569833315,3119603740
573,14,22.073294681805997,265.4329193437458,174.7434270438505,332.5234134895568,1577606604
573,15,22.065730894179115,265.61872076955154,153.3004205708592,332.73157637369076,1198451699
573,16,22.173831538058337,265.8954342222435,176.75034853267329,333.01036569833315,343545437
578,-1,22.169545563099422,265.644735480321,153.50282519017918,333.6023821812887,3119603740
578,14,22.16021164800902,265.52151573471,174.64957661784774,332.985004761745,1577606604
578,15,22.15349526414237,265.7082329755766,153.50282519017918,333.6023821812887,1198451699
578,16,22.263606728199456,265.9890672356219,177.97874460202618,333.5317814729523,343545437
584,-1,22.06057973711074,265.51125007623307,154.7536519773562,332.6645282086771,3119603740
584,14,22.05257287715896,265.38970212395407,174.46102493609834,332.0873405045593,1577606604
584,15,22.04343642442954,265.5735385490244,154.7536519773562,332.6361818055235,1198451699
584,16,22.152453257478,265.8521223846987,177.59389205169654,332.6645282086771,343545437
594,-1,21.305206140989416,264.65865849852037,152.1132344043923,328.0281426513627,3119603741
594,14,21.30483297409826,264.5466147990124,174.1697872472058,328.0281426513627,1577606604
594,15,21.282913667268698,264.7157931808727,155.5948913578824,327.6121629089933,1198451699
594,16,21.380560795042864,264.97386490549184,152.1132344043923,327.77189010438906,343545438
625,-1,22.077835412415904,265.6763161614453,151.67322508869094,333.2332861154841,3119603743
625,14,22.069320895366925,265.55403738537126,175.06184602106347,332.54726159608543,1577606604
625,15,22.06051491567309,265.7390705654888,151.80289073396247,333.0174011766272,1198451700
625,16,22.172598446386463,266.018919116087,151.67322508869094,333.2332861154841,343545439
646,-1,21.30305668858648,264.6797407980553,154.28181228308839,327.9966242954234,3119603740
646,14,21.305848095498668,264.57357747266354,174.1520735653133,327.9966242954234,1577606604
646,15,21.280550511746966,264.7374895861885,154.28181228308839,327.596886973437,1198451699
646,16,21.365209112953902,264.9658014450706,177.40270653508009,327.4184179196958,343545437
662,-1,22.392030784075242,266.1412866903244,150.27808879757495,335.9817587207148,3119603741
662,14,22.38027210393469,266.0142495909489,174.8876840140079,335.5479860889502,1577606604
662,15,22.37732294063419,266.2077239430506,150.27808879757495,335.6911422575146,1198451700
662,16,22.492321463385345,266.49289295676067,176.93878135683013,335.9817587207148,343545437
668,-1,22.405381978108075,266.15883375883834,150.5201147961317,336.0000877046167,3119603741
668,14,22.393871904527487,266.03238887812716,172.72262776239612,335.3171380188301,1577606604
668,15,22.390479553220885,266.2246605466993,154.91427986637635,335.797295653805,1198451699
668,16,22.505245775233497,266.5098500721454,150.5201147961317,336.0000877046167,343545438
705,-1,22.454414464960227,266.2736713892902,154.28661192541287,335.78846780361584,3119603740
705,14,22.442486952998753,266.147321530695,174.3336239170439,335.54469237638074,1577606604
705,15,22.440124511097068,266.33905222263,154.28661192541287,335.71030977953075,1198451699
705,16,22.554060305945494,266.625807053185,177.59800611921372,335.78846780361584,343545437
739,-1,22.485940292292682,266.43933943263255,150.83373704896889,335.8380658490643,3119603741
739,14,22.474290704304494,266.3133241879315,174.58011699234817,335.3653738202926,1577606604
739,15,22.471401725656484,266.5038183681331,154.20208352916916,335.8380658490643,1198451699
739,16,22.585178486295785,266.79308475712907,150.83373704896889,335.50317405032456,343545438
756,-1,22.538111791350353,266.5378129107926,155.67778493398208,335.98053558412767,3119603740
756,14,22.524809261437262,266.40903912511345,173.76638612847913,335.600449574375,1577606604
756,15,22.524906954403217,266.6046872208569,155.67778493398208,335.98053558412767,1198451699
756,16,22.640121597456105,266.8958696070703,177.38261430102597,335.7928766413226,343545437
797,-1,22.374982638219898,266.30813664444094,156.18680745280793,334.93167464706863,3119603740
797,14,22.35796380945108,266.1743396998846,174.9017943044668,334.6882777554816,1577606604
797,15,22.36389165558685,266.3783306776339,156.18680745280793,334.93167464706863,1198451699
797,16,22.48623736368086,266.6776795674848,177.01970018955595,334.8857795083273,343545437
867,-1,22.59128032825865,266.75888618979616,151.66342663292767,335.4298919765128,3119603741
867,14,22.57802724041767,266.62985854267623,174.8169925582726,335.28381251599495,1577606604
867,15,22.57864655769477,266.8264331290484,151.66342663292767,335.4298919765128,1198451700
867,16,22.691099146894803,267.1157621974911,177.2149582590814,335.27467682452266,343545437
906,-1,19.862601947442126,263.48633889108896,150.860125483461,324.68559254337544,3119603742
906,14,19.864542289433818,263.3806158338561,173.50052350315417,324.68559254337544,1577606604
906,15,19.84340792731682,263.54823434880876,150.860125483461,323.3531911205244,1198451701
906,16,19.917084290419478,263.75591218976484,177.29243201473994,321.2414290009439,343545437
921,-1,22.584302203062784,266.8066688143166,161.46038932230047,334.80750942114213,3119603740
921,14,22.57012039877157,266.67596829877056,173.97913907041794,334.80750942114213,1577606604
921,15,22.572830428993406,266.87523641974747,161.46038932230047,334.65654300417805,1198451699
921,16,22.684209405224053,267.1676662833256,177.95570739592046,334.76634985966274,343545437
1027,-1,22.61276592698112,267.1724676734886,152.332097642673,334.7680646808321,3119603742
1027,14,22.597903702152117,267.0396738831901,173.7001696829738,334.62625818143647,1577606604
1027,15,22.6016408129519,267.2435927265582,157.71225838811526,334.7680646808321,1198451700
1027,16,22.714490875059603,267.53415613165737,152.332097642673,334.672018757165,343545438
1046,-1,21.611577922593217,266.16119354422005,153.75551050371442,329.26752939518167,3119603743
1046,14,21.606636785433235,266.0394755134045,174.29432146640457,329.26752939518167,1577606604
1046,15,21.592025414269624,266.22454678283896,155.7398488976399,328.5129374934654,1198451700
1046,16,21.6977315530737,266.49913245866196,153.75551050371442,328.66509680838686,343545439
1090,-1,22.429546920640153,267.11639517123757,152.56882902075427,333.9973535588481,3119603744
1090,14,22.41255990633927,266.9775941911039,174.75721672346214,333.58741326028144,1577606604
1090,15,22.41917651080987,267.19113460379,153.32307278239819,333.9973535588481,1198451701
1090,16,22.5378617920572,267.4930607535344,152.56882902075427,333.3474026650212,343545439
1098,-1,22.404995631506285,267.12470528079245,155.57185664085034,333.7463667239325,3119603744
1098,14,22.387519958033142,266.984685413778,174.93898992896683,333.6772191922681,1577606604
1098,15,22.394878744604313,267.2004217725087,157.97838807713984,333.7463667239325,1198451701
1098,16,22.51457301251568,267.5035597024405,155.57185664085034,333.2293573083406,343545439
1121,-1,20.6143404919138,265.12702080482273,155.40832313024276,327.37147577247976,3119603744
1121,14,20.610889794934504,265.00698119056125,174.7220196425759,327.37147577247976,1577606604
1121,15,20.593142282063663,265.1909495418216,156.96892068075837,325.663861169414,1198451701
1121,16,20.699357671790676,265.4552445906764,155.40832313024276,325.70764369270313,343545439
1133,-1,22.40713528399616,267.22455003663464,159.72579538142102,333.7310643957622,3119603744
1133,14,22.388874014705575,267.0826471781676,174.46643087437707,333.4446840741969,1577606604
1133,15,22.39738968275227,267.3015368681684,160.733376497927,333.7310643957622,1198451701
1133,16,22.518871442055453,267.6076198506913,159.72579538142102,333.34756029524425,343545439
1173,-1,22.55965820950111,267.73645997758223,156.72440669434417,334.14276272775146,3119603744
1173,14,22.54643670149907,267.60060549993324,173.51778769418428,333.99053181090517,1577606604
1173,15,22.54664339330639,267.81004322749084,161.25448766606766,334.14276272775146,1198451701
1173,16,22.66023500086068,268.1036281474496,156.72440669434417,333.7179859881798,343545439
1191,-1,21.956121468295784,266.8971551774867,159.99891765856614,329.78005142589103,3119603744
1191,14,21.953639646565428,266.77846047704816,174.13727775176685,329.69449539168636,1577606604
1191,15,21.93529635943843,266.95882686393736,159.99891765856614,329.78005142589103,1198451701
1191,16,22.035732674293595,267.22707661690714,161.4099720285832,328.9986543603022,343545439
1194,-1,22.573381866462093,267.80867602402304,160.2620363650732,334.0598504613918,3119603744
1194,14,22.56200563505455,267.6762319461845,173.951253157371,333.93510429053487,1577606604
1194,15,22.559355162567552,267.88027368073216,162.00200764988804,334.0598504613918,1198451701
1194,16,22.66929673586644,268.1671098857754,160.2620363650732,333.96283297716803,343545439
1222,-1,22.544076018368717,267.8405559526057,161.74174447460538,333.85566347080595,3119603744
1222,14,22.53397882112346,267.71032348928895,174.25019453277326,333.6053202725428,1577606604
1222,15,22.52917282680074,267.91119223217675,163.60213505153303,333.85566347080595,1198451701
1222,16,22.637356926941397,268.19218753045783,161.74174447460538,333.4149652207598,343545439
1271,-1,22.583987534143237,268.0614560921812,161.6348732319324,333.84027261481646,3119603744
1271,14,22.57098517445909,267.9238764405547,173.97656435293413,333.84027261481646,1577606604
1271,15,22.570841860118154,268.1370139111859,169.59366175614298,333.5285377018395,1198451701
1271,16,22.683936002299017,268.4296582451195,161.6348732319324,333.68216314336144,343545439
1283,-1,22.460112782506247,267.95284606970563,164.61936145230112,332.7083557417633,3119603744
1283,14,22.449742330192887,267.8186140909844,173.53797219776223,332.6286239327996,1577606604
1283,15,22.445097848509317,268.02621699571586,168.29765346969083,332.7083557417633,1198451701
1283,16,22.55473427590313,268.3133041953557,164.61936145230112,332.5910970902059,343545439
1338,-1,22.27392014394542,267.7361460582232,169.82184036125136,331.07153348099433,3119603744
1338,14,22.263889554796588,267.60064662865045,174.09297481847614,330.77095661943963,1577606604
1338,15,22.258422910371923,267.8115914315371,170.9707017760035,331.07153348099433,1198451701
1338,16,22.368581311567475,268.0951878179115,169.82184036125136,330.4697351407215,343545439
1409,-1,20.748497525995248,263.940962135253,167.5579277019822,322.5468503420387,3119603744
1409,14,20.7426311825211,263.80891975963294,181.79841346553454,322.23897644164936,1577606604
1409,15,20.730942374568706,264.02326784746174,172.0777380484494,322.5468503420387,1198451701
1409,16,20.831526779408662,264.26019647964347,167.5579277019822,322.32115067435274,343545439
1414,-1,20.530069770393393,263.46583656733543,167.95293346047345,321.6115746875962,3119603744
1414,14,20.52598044385005,263.33586732988687,181.67797290986488,321.130138441786,1577606604
1414,15,20.509923617338465,263.5448151483136,171.9961087853719,321.6115746875962,1198451701
1414,16,20.613986446048944,263.7871574177043,167.95293346047345,321.43578131630335,343545439
1420,-1,20.285333062454477,262.60758388685053,167.94461678389374,319.9950689127065,3119603744
1420,14,20.28604067853398,262.4891803890071,182.5749752420701,319.4752995042215,1577606604
1420,15,20.263354101352757,262.6830795912185,169.69732072543403,319.9950689127065,1198451701
1420,16,20.35458267518209,262.8879432625909,167.94461678389374,319.84828747507925,343545439
1424,-1,20.183047327620606,262.4262066971142,167.44174289422295,319.77352950742875,3119603744
1424,14,20.18227271112505,262.30263519846426,182.79065736248816,319.23668986955727,1577606604
1424,15,20.162170920778898,262.5060015792797,172.56488113588938,319.77352950742875,1198451701
1424,16,20.254907922450958,262.71530062414473,167.44174289422295,319.2261376738912,343545439
1427,-1,21.09617687990723,264.8822119114648,170.05023429083477,324.30079640421985,3119603744
1427,14,21.092900654599376,264.7569257743112,181.3533134953544,324.1639095662627,1577606604
1427,15,21.076044325124585,264.957851963921,174.13575900313776,324.30079640421985,1198451701
1427,16,21.176784464471545,265.1936737319009,170.05023429083477,323.97100443493207,343545439
1430,-1,19.932377248335527,261.5710648198407,167.15857776902547,317.9418336044734,3119603744
1430,14,19.929577283400967,261.440794226183,183.66933644393515,317.5302399908112,1577606604
1430,15,19.91298217878737,261.6583183296411,173.44934857100333,317.91514787908744,1198451701
1430,16,20.007930455660063,261.86490260711145,167.15857776902547,317.9418336044734,343545439
1434,-1,19.955732447786048,261.54048983281444,165.97257329226966,318.06751096922596,3119603744
1434,14,19.958797071653994,261.4238327130477,183.8826014066058,317.6239683771612,1577606604
1434,15,19.930827363975336,261.61379560022357,170.8768406889412,318.06751096922596,1198451701
1434,16,20.02436730651746,261.8204691600992,165.97257329226966,317.65608518069706,343545439
1440,-1,19.418413162138904,259.827192956605,169.507720542327,314.8578169362018,3119603744
1440,14,19.424948950029226,259.71702507541215,184.25163023645743,314.25286606916967,1577606604
1440,15,19.391484457513688,259.89880421747915,173.79676436183414,314.8578169362018,1198451701
1440,16,19.478592383474126,260.0832840861197,169.507720542327,314.5612311200106,343545439
1442,-1,20.165847468544868,262.07246311860865,170.0566314398369,319.14229893534673,3119603744
1442,14,20.167868660740837,261.95558558883437,183.29951106524558,318.7711763634124,1577606604
1442,15,20.142241757447017,262.1468389481869,174.06371171063785,319.14229893534673,1198451701
1442,16,20.234807555116888,262.3497217066923,170.0566314398369,318.8295703038746,343545439
1445,-1,19.606639324084234,260.2175517397692,165.5963592252959,315.72872559734327,3119603744
1445,14,19.6095017957653,260.0990389523259,184.19402319031184,315.25913651776955,1577606604
1445,15,19.58519841490209,260.3037295103515,174.0057498399883,315.72872559734327,1198451701
1445,16,19.664345167825868,260.4611488040465,165.5963592252959,315.5596710278117,343545439
1450,-1,18.80729334607459,258.1434885677507,169.4461078309732,311.2607806537621,3119603744
1450,14,18.818481766544984,258.0383757132007,184.8805123062147,310.69812340453586,1577606604
1450,15,18.779103271930868,258.2227714953989,174.14398780543402,311.2607806537621,1198451701
1450,16,18.851053990684193,258.3496038758427,169.4461078309732,311.01105619469877,343545439
1454,-1,19.447027455157418,259.5648653807707,170.4666199281559,314.3985009916685,3119603744
1454,14,19.453999177774246,259.4561463194076,184.79670273086242,313.7341615067758,1577606604
1454,15,19.420109633873448,259.63795334898697,176.9480127073927,314.3985009916685,1198451701
1454,16,19.505347521542948,259.8091518704995,170.4666199281559,314.19406672973525,343545439
1460,-1,17.98893527162271,256.4611423225571,167.61015278261215,307.431879532216,3119603744
1460,14,18.007799145715037,256.3685550003918,186.27452235170526,306.46345582608075,1577606604
1460,15,17.956193417846293,256.53613024781384,175.04970760369994,306.98416620177267,1198451701
1460,16,18.013979232704287,256.6247217444812,167.61015278261215,307.431879532216,343545439
1463,-1,18.752206355144022,258.2531698547481,171.1171103966643,311.16459859584614,3119603744
1463,14,18.767365622973735,258.1553305913669,185.10093370112594,310.19347830587685,1577606604
1463,15,18.718690655191423,258.3180713165108,177.3905149853543,311.03370380357273,1198451701
1463,16,18.796438612586,258.4760533283771,171.1171103966643,311.16459859584614,343545439
1469,-1,17.776961195805608,254.09809506114453,168.21847321901149,304.40504768148696,3119603744
1469,14,17.796293919776218,254.01128586086395,186.62479418937593,304.40504768148696,1577606604
1469,15,17.74201838949764,254.16709051524472,175.43677767727027,304.08351306020523,1198451701
1469,16,17.80774322079595,254.2560451957204,168.21847321901149,303.86455390335107,343545439
1474,-1,18.45542394123268,256.07721645504716,169.4166362151319,307.9622945195525,3119603744
1474,14,18.467489368235046,255.97356122685483,186.86127798428683,307.9622945195525,1577606604
1474,15,18.42529663390512,256.153878238384,178.51514410366624,307.8507641582393,1198451701
1474,16,18.50188337496511,256.2857819598089,169.4166362151319,307.93882366787693,343545439
1479,-1,16.167434748031095,252.60827799230927,172.34640847620088,298.3880189833021,3119603744
1479,14,16.19689012207975,252.5301466730509,187.28535360624312,298.3880189833021,1577606604
1479,15,16.124568472262,252.67414724835436,176.25920191286824,298.04638618713676,1198451701
1479,16,16.17953419442005,252.7372838187856,172.34640847620088,298.3558369997525,343545439
1483,-1,17.994501982861017,254.8449074026598,170.59891576891687,305.2864480211935,3119603744
1483,14,18.006639142995766,254.73788884042136,187.1638954858602,305.2864480211935,1577606604
1483,15,17.963809856870295,254.9274027215979,176.70584464481513,305.05118839304794,1198451701
1483,16,18.042388041369467,255.04856760969298,170.59891576891687,305.07534166468497,343545439
1487,-1,17.36670976089176,252.60268373220774,171.3692409215171,301.516110449412,3119603744
1487,14,17.38011858055246,252.4951474891096,187.8387377306245,301.516110449412,1577606604
1487,15,17.342210993634133,252.71028412199078,179.3090818252124,301.459825524511,1198451701
1487,16,17.387406037059485,252.7211426389412,171.3692409215171,300.87014101292823,343545439
1494,-1,17.46260706553081,253.15681706626833,174.12682298219795,302.1781592728717,3119603744
1494,14,17.480281497925166,253.05655993988694,187.47597783162473,301.69796665861315,1577606604
1494,15,17.42957190472825,253.2432881374223,179.31992119146804,301.8353895738364,1198451701
1494,16,17.493718455145114,253.31555851987133,174.12682298219795,302.1781592728717,343545439
1496,-1,16.77619922757899,250.4550483387724,169.22151253239699,297.947298371868,3119603744
1496,14,16.798694547350777,250.36927111177218,188.87371232327718,297.947298371868,1577606604
1496,15,16.739861451278294,250.53483898233821,178.81546925128902,297.66133189898073,1198451701
1496,16,16.79737453416313,250.5706007017979,169.22151253239699,296.7787588760138,343545439
1502,-1,16.956196396068133,250.53762720633227,171.61522133072074,298.8638121069532,3119603744
1502,14,16.978223783203898,250.45251155779684,187.7500647171795,298.5025255463562,1577606604
1502,15,16.91706564760969,250.60822993574507,181.27868180006905,298.8638121069532,1198451701
1502,16,16.989185194765536,250.68219337556386,171.61522133072074,297.6261377497939,343545439
1505,-1,16.7358880765145,249.90727937085273,174.57741636840206,297.3143188185953,3119603744
1505,14,16.753980463318243,249.81084911379168,188.5350198977315,297.3143188185953,1577606604
1505,15,16.705521899455658,250.0038058720729,178.49423753322665,297.05213903452886,1198451701
1505,16,16.756001081871513,250.0133691530141,174.57741636840206,295.95653516120495,343545439
1509,-1,17.24219585531737,251.52320092289045,173.633475567658,299.9757181344395,3119603744
1509,14,17.259729783034743,251.43089245327894,188.08978493776874,299.9757181344395,1577606604
1509,15,17.21350146490925,251.61486787234261,178.86086773324487,299.8288791892796,1198451701
1509,16,17.259345720726383,251.62731535931513,173.633475567658,299.4191404060039,343545439
1510,-1,16.850943661809126,250.222895426028,175.1544453452933,297.76601957386754,3119603744
1510,14,16.86927786093064,250.1307431926852,188.39877357456552,297.739919122998,1577606604
1510,15,16.823985526924723,250.32509071559357,180.31570060597403,297.76601957386754,1198451701
1510,16,16.85830083980811,250.2895644912543,175.1544453452933,296.8286327726451,343545439
1513,-1,16.553811510809414,249.30928693922928,173.74318972449788,296.03566840047733,3119603744
1513,14,16.581264245098584,249.23652243799103,189.1751531524561,295.6694930253489,1577606604
1513,15,16.509082775472603,249.37009500109937,181.23517587002024,296.03566840047733,1198451701
1513,16,16.581867422775588,249.43130349875503,173.74318972449788,294.50859555934056,343545439
1518,-1,16.66771867480569,250.18790526142695,173.10081337442205,297.1327027339463,3119603744
1518,14,16.686680445413547,250.0965812847582,188.5791279159001,296.9614952210376,1577606604
1518,15,16.629257439541455,250.26386846175313,180.65964385502767,297.1327027339463,1198451701
1518,16,16.712083935841374,250.3422810034139,173.10081337442205,296.2802700616623,343545439
1521,-1,16.500724415541217,248.81204046338442,170.2564115061338,295.33319965628925,3119603744
1521,14,16.52486798636857,248.73543615042783,189.72020624771216,295.33319965628925,1577606604
1521,15,16.46423732328786,248.88829578056254,180.25652809095473,295.33319965628925,1198451701
1521,16,16.51525608952188,248.89780249683918,170.2564115061338,293.75754364919567,343545439
1526,-1,16.877811926498985,250.20870840654086,173.00121128286838,297.7451971616592,3119603744
1526,14,16.899713722092404,250.12892709394794,188.19342505395926,297.7451971616592,1577606604
1526,15,16.831744750711355,250.2606115835669,180.94297296787033,297.57470830215715,1198451701
1526,16,16.935396063256583,250.39401162294655,173.00121128286838,297.13400565679234,343545439
1529,-1,16.147842047968005,247.52684057728712,171.51505996908338,293.0520612060242,3119603744
1529,14,16.175499683611474,247.45768349792897,188.8910870077864,292.9900856592675,1577606604
1529,15,16.105627886554775,247.59685245415847,181.74085602600613,293.0520612060242,1198451701
1529,16,16.166409769314512,247.60018404025212,171.51505996908338,291.43418477479645,343545439
1532,-1,17.152818640734797,251.35089490021278,178.72506053095066,299.2591114744259,3119603744
1532,14,17.169778416954525,251.25699855553725,188.12450606602803,299.2591114744259,1577606604
1532,15,17.125246834652717,251.4544075273381,181.6476322486443,299.0327004974042,1198451701
1532,16,17.168584824040167,251.42097765103713,178.72506053095066,298.73434247871216,343545439
1536,-1,15.991199801506356,249.002209466916,172.12763404297394,294.2149126415403,3119603744
1536,14,16.02379930079501,248.93936577657453,188.9491216164688,293.00128531805575,1577606604
1536,15,15.939380248311041,249.04697720995424,181.58115630457053,293.1460932700951,1198451701
1536,16,16.020463907625647,249.13462468174419,172.12763404297394,294.2149126415403,343545439
1537,-1,15.608389107761688,246.84014230719498,173.22152536810128,293.02357244127234,3119603744
1537,14,15.636857065775372,246.77028412046843,189.2111718108477,293.02357244127234,1577606604
1537,15,15.568867073409931,246.92011978716752,180.94661263508394,290.12889460244224,1198451701
1537,16,15.613748948283723,246.88194053292685,173.22152536810128,290.0719170846112,343545439
1541,-1,16.66614213739774,250.75380037436702,173.9665648599869,297.1663311712109,3119603744
1541,14,16.69218722539244,250.67417527491625,188.28310322313942,296.62899092704436,1577606604
1541,15,16.621481918910387,250.8213883084777,183.45585021785632,296.7353661016246,1198451701
1541,16,16.70014148654211,250.88367026367624,173.9665648599869,297.1663311712109,343545439
1545,-1,15.792727474788455,248.23113234271895,169.54128221339855,293.0637781508243,3119603744
1545,14,15.816719597217777,248.151499338228,189.29786408092656,293.0637781508243,1577606604
1545,15,15.75766206001587,248.32152508241916,179.34607073064672,291.9720405738642,1198451701
1545,16,15.802750130372491,248.28148440438463,169.54128221339855,291.34037358748094,343545439
1548,-1,16.894080419141034,251.00921484833069,174.62535702515626,298.42862352108,3119603744
1548,14,16.916638747770413,250.9289458904374,188.3363671404275,298.42862352108,1577606604
1548,15,16.85752652868584,251.0867576874959,182.79641138237642,298.20593784466513,1198451701
1548,16,16.91600446164698,251.10731392561385,174.62535702515626,297.5744148744023,343545439
1553,-1,15.402360478919523,246.9607244539595,165.91440592340396,292.9790645364088,3119603744
1553,14,15.43852881393935,246.90155789121468,189.80421804758365,292.9790645364088,1577606604
1553,15,15.34891118186806,247.01834113948112,179.50277364313513,289.6105944149051,1198451701
1553,16,15.421137438906378,247.03143051666711,165.91440592340396,288.9898531205677,343545439
1560,-1,14.493942854008449,245.3371630643952,157.2440142206952,292.96858397590734,3119603744
1560,14,14.529644858744314,245.2696659899213,190.14160787217276,292.96858397590734,1577606604
1560,15,14.442455492255915,245.41781506915467,175.26122547598865,285.56741042896215,1198451701
1560,16,14.50754708258747,245.36576568003858,157.2440142206952,284.31377791487563,343545439
1568,-1,14.897391999433486,244.04112370512664,167.90668057068817,293.028840855307,3119603744
1568,14,14.93136400789535,243.97757578769898,189.66693899114796,293.028840855307,1577606604
1568,15,14.851902707887232,244.1240441418039,175.48033169282235,285.6450021201702,1198451701
1568,16,14.898228667130562,244.0436778820162,167.90668057068817,283.9821335965524,343545439
1574,-1,14.81567670162237,243.9657566470914,166.03188083358432,293.05130678829835,3119603744
1574,14,14.851497991888397,243.9019320006598,189.02264161751185,293.05130678829835,1577606604
1574,15,14.766793782166324,244.04998658365656,179.42501607129398,285.6785185996041,1198451701
1574,16,14.819760358349532,243.96501343523582,166.03188083358432,284.2596339991138,343545439
1579,-1,13.400137653213841,240.19333575063783,163.439509942463,293.03036855586464,3119603744
1579,14,13.44522634262778,240.14600570012766,189.5496136085805,293.03036855586464,1577606604
1579,15,13.346822238753612,240.2758698440116,179.49639408683876,275.6343118629847,1198451701
1579,16,13.37687928401845,240.12276306478776,163.439509942463,275.23988512584026,343545439
1583,-1,14.002763030205744,240.693999681138,165.24240607061284,293.02885172811955,3119603744
1583,14,14.044357239578009,240.64686772599222,188.19097583767314,293.02885172811955,1577606604
1583,15,13.945264492650299,240.76381468614036,176.4214109834678,279.10346612037205,1198451701
1583,16,14.010644045014098,240.66688761168342,165.24240607061284,277.52959877717046,343545439
1585,-1,14.083063656828214,240.6538952268089,170.52704372701893,292.98258955528047,3119603744
1585,14,14.121264033898795,240.60224890707164,188.79492320542556,292.98258955528047,1577606604
1585,15,14.031769618329742,240.73568575190208,181.47681418795224,279.26130681559493,1198451701
1585,16,14.084671054009055,240.605737350279,170.52704372701893,277.5723998595524,343545439
1587,-1,14.241207903189286,241.58415064506448,167.89622886096615,293.05522467031074,3119603744
1587,14,14.282355075107722,241.53700311129663,189.0971742445451,293.05522467031074,1577606604
1587,15,14.183725875104214,241.65326074003985,180.31339942457498,280.5325686906866,1198451701
1587,16,14.251133834686584,241.55956917988883,167.89622886096615,279.2141817020804,343545439
1606,-1,17.089935592794646,250.3587671354676,177.42470859016385,298.1157551069976,3119603744
1606,14,17.107270676553398,250.26818907255526,187.50341165811565,298.1157551069976,1577606604
1606,15,17.05879305409939,250.457866995804,187.5558358132826,297.5343108204803,1198451701
1606,16,17.116561673055568,250.42900574526905,177.42470859016385,297.4068595904318,343545439
1626,-1,15.123666106404382,245.7701775331211,179.97697834652013,293.0116212998485,3119603744
1626,14,15.156531840145917,245.70380359270007,188.63709532894006,293.0116212998485,1577606604
1626,15,15.079103364219762,245.84657420979187,189.40136215375384,286.88280464844223,1198451701
1626,16,15.12641482740699,245.8084671977234,179.97697834652013,287.4497402995124,343545439
1639,-1,15.618440820937767,246.10302109325676,179.9168486783663,293.0042440577069,3119603744
1639,14,15.654339339742378,246.0503978961269,189.51403013058672,293.0042440577069,1577606604
1639,15,15.56588229118697,246.15607735015698,189.156533803425,289.2686502442102,1198451701
1639,16,15.635608152807619,246.15958811403138,179.9168486783663,288.5545040765793,343545439
1643,-1,14.709911870336795,247.36376059843957,178.13911203088526,293.0438665430199,3119603744
1643,14,14.751712800605997,247.30742512321592,190.03017976086778,293.0438665430199,1577606604
1643,15,14.663314082153313,247.44874540718,189.06265931205616,286.6018453032322,1198451701
1643,16,14.678547987738028,247.3259927535816,178.13911203088526,287.08245294037266,343545439
1652,-1,15.959686756730017,248.89560968382872,179.99170071748344,293.4510454061272,3119603744
1652,14,15.98700624732205,248.82035427516442,189.62409165799178,293.4510454061272,1577606604
1652,15,15.921510855211533,248.98156719168608,189.05538057875341,292.22211728240575,1198451701
1652,16,15.965452431608309,248.94133146152387,179.99170071748344,292.17894442780585,343545439
1658,-1,15.693637405876279,247.86476111092642,177.94062087396077,293.0869860008362,3119603744
1658,14,15.725539650825608,247.7961138290122,188.26963714119935,293.0869860008362,1577606604
1658,15,15.647514754555084,247.93698172235602,189.11901973908127,290.6705888273795,1198451701
1658,16,15.706248804560637,247.9280583875335,177.94062087396077,290.5017393078728,343545439
1659,-1,15.674440065437366,247.5256761555989,178.95016067104117,293.0450688634272,3119603744
1659,14,15.705224476105741,247.4546484468437,187.863974256525,293.0450688634272,1577606604
1659,15,15.629712799009498,247.60243089097233,189.66641171266855,290.52395215625955,1198451701
1659,16,15.687234068793103,247.58408746587418,178.95016067104117,290.2884813252576,343545439
1666,-1,16.327990131486764,249.22134456303377,180.65851661920894,295.72415603110466,3119603744
1666,14,16.352079563841418,249.1414208072771,189.23821566608981,295.72415603110466,1577606604
1666,15,16.2894828867328,249.29834661997864,188.70802369660365,294.23878345765974,1198451701
1666,16,16.349617528968206,249.31974493438085,180.65851661920894,293.9982920574654,343545439
1671,-1,15.58180976005012,249.68972650046902,181.21456545230993,293.4632577979299,3119603744
1671,14,15.616193733024694,249.6242010398298,189.11420407371207,293.19885884913936,1577606604
1671,15,15.532054032769699,249.7554034942207,188.63318834386044,292.746853311528,1198451701
1671,16,15.595747381417516,249.76151524151044,181.21456545230993,293.4632577979299,343545439
1675,-1,16.987288415591177,252.76085667685913,183.2013663384567,301.3679237345393,3119603744
1675,14,17.007845014080935,252.67460847351006,187.7039216692037,301.3679237345393,1577606604
1675,15,16.94530125184075,252.82772187610252,187.48015556286222,300.34559876984935,1198451701
1675,16,17.03680619754939,252.92366199186623,183.2013663384567,300.5046108282606,343545439
1681,-1,19.135273126578078,259.1697170676382,183.04058153436307,313.09494663019825,3119603744
1681,14,19.13975520642241,259.05808226112856,183.9452744285447,312.6261256637503,1577606604
1681,15,19.10923883036184,259.24983437767975,183.04058153436307,313.0364585440029,1198451701
1681,16,19.20183011722431,259.40287132437993,185.61448172778327,313.09494663019825,343545439
1694,-1,20.979361516960388,264.52916022231216,180.71350258765224,323.67298045330347,3119603744
1694,14,20.973699786628487,264.40884003044005,180.71350258765224,323.52911727936976,1577606604
1694,15,20.957398103344364,264.59916166783603,180.78566563439782,323.67298045330347,1198451701
1694,16,21.077449446268595,264.8374879304013,182.2595925475509,323.3797371479363,343545439
1697,-1,20.224035000765827,263.301739253938,178.4586402737849,319.44401262430443,3119603744
1697,14,20.231642615708527,263.2046478047489,178.4586402737849,319.44401262430443,1577606604
1697,15,20.19310084994333,263.359344228482,181.64967187863408,319.34438331931943,1198451701
1697,16,20.29396375770555,263.54664232105296,184.32351100906843,318.78924157454793,343545439
1710,-1,21.500948087700483,266.5043645866949,174.8236046643386,326.0832638476071,3119603744
1710,14,21.4965588801382,266.3843011605346,174.8236046643386,325.97860773624143,1577606604
1710,15,21.47837119624133,266.57308998126035,177.60361046693268,325.81095442383184,1198451701
1710,16,21.59543149838687,266.8159646716856,178.4952647389599,326.0832638476071,343545439
1786,-1,19.068344474448764,263.53109151220696,173.62325364044574,317.41201850579506,3119603744
1786,14,19.079861354587194,263.43630085174266,173.62325364044574,317.41201850579506,1577606604
1786,15,19.031397421537093,263.58357171316715,176.40014081301254,315.51474710130987,1198451701
1786,16,19.14106511734236,263.78330672451983,176.58728799571273,316.5749722069936,343545439
1791,-1,22.027026706286104,266.9365342106772,170.50461831446975,328.7431580970923,3119603744
1791,14,22.01104759613924,266.80100226430005,170.50461831446975,328.57168936432834,1577606604
1791,15,22.012416384812276,267.01502748931256,175.28242021978622,328.7431580970923,1198451701
1791,16,22.14584829306857,267.2850927323927,176.15549536645216,328.62887407798434,343545439
1805,-1,22.133310838823117,267.1173775790906,170.0160657658379,329.4677270993058,3119603744
1805,14,22.11783203366014,266.9835597353559,170.0160657658379,329.0115283927135,1577606604
1805,15,22.11819575786438,267.1941608780933,176.72023055445882,329.4677270993058,1198451701
1805,16,22.251723727104597,267.46402994349774,177.18963101719763,329.08942227329027,343545439
1839,-1,22.089465691072125,267.07247089293406,167.83654255898998,329.1216752965325,3119603744
1839,14,22.076296785473733,266.94546833959265,167.83654255898998,329.1216752965325,1577606604
1839,15,22.07297536616505,267.14459290880234,173.62169088886503,329.09554498899394,1198451701
1839,16,22.202559747885115,267.4040873294996,177.15005626950418,328.9805063087691,343545439
1884,-1,22.247468501456314,267.31770688095287,162.150931671762,329.9344233953708,3119603744
1884,14,22.234370942274825,267.19146024782276,162.150931671762,329.80343732644656,1577606604
1884,15,22.23023432499821,267.38710282308705,175.68921441252428,329.9344233953708,1198451701
1884,16,22.362810537155838,267.65536188694955,177.76056309261344,329.51998313968164,343545439
1913,-1,22.26141211298067,267.40578226934025,162.48537680787314,330.0697395525451,3119603744
1913,14,22.24784272033592,267.27703088400193,162.48537680787314,329.99604052350935,1577606604
1913,15,22.24469347324199,267.47744106248825,173.21829789147245,330.0697395525451,1198451701
1913,16,22.37697851853446,267.7470455199466,176.45562350106246,329.8274011870718,343545439
1946,-1,22.014348120262667,266.60462752931033,173.32437249402312,328.9465118637243,3119603743
1946,14,22.001054747503964,266.475516569371,173.32437249402312,328.796461155166,1577606603
1946,15,21.997597561059795,266.67913408907526,177.8634987115058,328.9465118637243,1198451701
1946,16,22.128792217797685,266.93760761475994,178.18007727012744,328.721354077859,343545439
1947,-1,22.10404066393552,266.90021126722723,159.0772010742628,329.3763377687926,3119603744
1947,14,22.090758546335888,266.7718383013188,159.0772010742628,329.17340024700445,1577606604
1947,15,22.08717944375011,266.9729990738564,176.58140680612993,329.28559461216815,1198451701
1947,16,22.218837743929523,267.23579822323825,177.13508581392614,329.3763377687926,343545439
1991,-1,22.285676300188314,267.4430309812391,161.85644992584224,330.87388224434125,3119603743
1991,14,22.273418047303405,267.31594047214077,161.85644992584224,330.20744595638917,1577606603
1991,15,22.268915545572597,267.51604373450897,175.00540524548092,330.5065137324909,1198451701
1991,16,22.395620184811175,267.7719440016243,177.85069093238704,330.87388224434125,343545439
2019,-1,17.50186887268363,261.0599866758374,154.28701064561625,313.2037762233819,3119601313
2019,14,17.50989731134535,260.9776511189709,154.28701064561625,313.2037762233819,1577605383
2019,15,17.475788792381696,261.11545605990494,173.48578335055836,310.51940284370795,1198450669
2019,16,17.55365874233757,261.2445786480727,178.1337627439567,310.92541177637867,343545261
2094,-1,22.30103595186347,267.45940724430295,175.14126677634357,330.87726950496375,3119601313
2094,14,22.282169835977218,267.3298034879774,175.14126677634357,330.87726950496375,1577605383
2094,15,22.289373750086277,267.5357230371829,175.2822929324334,330.7246780642464,1198450669
2094,16,22.423361513317214,267.7883387809364,176.91105282203023,330.70831643671187,343545261
2119,-1,13.230027380563673,253.200400915155,175.2110189470241,294.4922365758821,3119601313
2119,14,13.232062491258219,253.15098201518217,175.2110189470241,294.4922365758821,1577605383
2119,15,13.210017153153432,253.2388258627662,175.2110189470241,293.4681407924797,1198450669
2119,16,13.289355992314476,253.29329440568168,176.75663235238923,293.226668306466,343545261
2213,-1,15.90380037457946,258.59360241479686,169.17595116382014,307.8187332213159,3119750077
2213,14,15.909515478263405,258.5438257328028,175.79401945522162,307.8187332213159,1577686434
2213,15,15.879320137217581,258.6213073232016,169.17595116382014,305.8216995775446,1198511797
2213,16,15.961791190638182,258.72553981196506,177.47535074818438,305.2889097305701,343551846
2239,-1,22.375481064761246,267.6854566893234,150.00736761235163,332.17903118144704,3119749431
2239,14,22.35393547664817,267.5718257641577,150.00736761235163,331.7260513272831,1577686025
2239,15,22.368897870126336,267.74427319230773,150.00736761235163,332.17903118144704,1198511560
2239,16,22.493194756745325,268.00209496434024,177.2370083045381,331.3385701874289,343551846
2271,-1,15.453152244473346,257.9962537935711,153.15744411191162,304.4044836054149,3119750077
2271,14,15.461566505256686,257.94768807036974,175.44350995945618,304.4044836054149,1577686434
2271,15,15.427708998443212,258.0260669629205,153.15744411191162,303.9973775011126,1198511797
2271,16,15.50220209000012,258.11527526866155,177.89804093618835,302.86512841547625,343551846
2289,-1,21.804097262483232,267.0661114794457,150.4924781842732,329.06025842591555,3119749585
2289,14,21.792394265320787,266.9601121008803,150.4924781842732,329.06025842591555,1577686134
2289,15,21.79028728350351,267.122585095929,150.4924781842732,329.0077107274175,1198511605
2289,16,21.902402985890532,267.3558769579395,177.88552641592065,328.6566829998181,343551846
2321,-1,13.141351610223616,253.0898464972355,158.30699991279724,294.66374707056815,3119750077
2321,14,13.147836066224102,253.05187488980323,175.63792634674877,294.66374707056815,1577686434
2321,15,13.1195730249901,253.11549839695536,158.30699991279724,293.75388590923865,1198511797
2321,16,13.186787454843696,253.17473378814353,178.05327174231542,293.27659979707295,343551846
2333,-1,22.009264931094478,267.2330572036416,150.06997101351678,330.59963461668474,3119749139
2333,14,21.99646495634104,267.1239722888403,150.06997101351678,330.59963461668474,1577685920
2333,15,21.99624400611903,267.2924248574545,150.06997101351678,330.43078452721335,1198511373
2333,16,22.109728595613756,267.52689618910625,177.5234798217629,330.04540698561993,343551846
2346,-1,22.302539079685836,267.5669059556411,150.36587333052506,332.3602791205037,3119748871
2346,14,22.28593707371898,267.4532432065164,150.36587333052506,332.3602791205037,1577685831
2346,15,22.292571871331564,267.62898680581935,150.36587333052506,332.26848509037865,1198511194
2346,16,22.409536339675522,267.8723024078987,174.35757142682513,332.0846347823968,343551846
2349,-1,22.257113543515494,267.48800993948504,150.4341398728001,332.1276962394725,3119748894
2349,14,22.241300941656576,267.37614705630125,150.4341398728001,332.1276962394725,1577685845
2349,15,22.24653750431685,267.5486395026937,150.4341398728001,332.064391929675,1198511203
2349,16,22.362709304706858,267.79020385242757,174.6310787879057,331.8396206496943,343551846
2352,-1,21.80522344011798,267.0075474375666,150.50239944831753,329.84094608442524,3119749286
2352,14,21.794296374098153,266.90035112028363,150.50239944831753,329.58711945337467,1577686001
2352,15,21.79125077499639,267.066186076791,150.50239944831753,329.84094608442524,1198511439
2352,16,21.900528819757984,267.2952567030214,178.00302179837306,329.5752992267723,343551846
2359,-1,22.255029185763764,267.4910183602479,150.66164472787761,332.3153306809608,3119748854
2359,14,22.238519932944314,267.37793860158143,150.66164472787761,332.1481977609651,1577685834
2359,15,22.2453553479692,267.55273051033896,150.66164472787761,332.3153306809608,1198511174
2359,16,22.360612259109153,267.795023805483,173.65888519572982,332.15973577365816,343551846
2367,-1,19.1151448989153,262.28054371100166,154.2148644049656,317.6507459492388,3119750073
2367,14,19.12512215654589,262.2276876009872,166.03037544499955,317.6507459492388,1577686433
2367,15,19.090325674802983,262.3094619560238,154.2148644049656,317.2166607881027,1198511794
2367,16,19.15486302170471,262.42238987051866,179.54317824097927,316.1906832328828,343551846
2374,-1,20.681075436354366,264.59860496936733,150.23080901023994,324.2351391246129,3119749905
2374,14,20.677149531307705,264.5177641362713,150.23080901023994,324.2351391246129,1577686373
2374,15,20.66408843379655,264.6413941443632,150.23080901023994,323.9259509707742,1198511686
2374,16,20.756131534020817,264.8205748274209,178.21439886173147,324.03333807864647,343551846
2398,-1,12.849153781105299,252.08748524901813,159.6685435761104,293.6853217817574,3119750077
2398,14,12.850545419515912,252.044816917421,175.45243492585166,293.6853217817574,1577686434
2398,15,12.835850410928426,252.1197184914032,159.6685435761104,293.4063725705075,1198511797
2398,16,12.88835117284147,252.1709816033591,177.57026393078877,292.2321189214104,343551846
2426,-1,18.605029121092418,262.40253236352817,150.5906264264833,321.23179113176104,3119750073
2426,14,18.608001811388462,262.3321718846741,151.40800820855196,321.23179113176104,1577686432
2426,15,18.581269735901905,262.4365677796608,150.5906264264833,319.7692891873147,1198511795
2426,16,18.6722468698354,262.6069117780821,178.27165731295918,318.3845174963456,343551846
2562,-1,18.692539292885073,262.1004778759805,150.85193809020973,320.75917116104904,3119749916
2562,14,18.705324549510866,262.05322324796657,150.85193809020973,320.75917116104904,1577686290
2562,15,18.66372559172436,262.120242352479,155.2635650596266,320.2765839421,1198511780
2562,16,18.73330592213739,262.2485341924866,178.47229543382892,318.36819723309765,343551846
2701,-1,9.50414729097221,242.17806028017495,173.73619070953396,292.66304988246833,3119750077
2701,14,9.503681515135588,242.1558692239155,176.4580894976737,292.66304988246833,1577686434
2701,15,9.495728839385716,242.19102509152998,173.73619070953396,278.1192023493605,1198511797
2701,16,9.535271949819057,242.23473891336664,179.59599044725005,277.70649241507937,343551846
2741,-1,13.462302507112296,253.75507635851142,151.28669360416725,296.3065618129069,3119750034
2741,14,13.471030021068726,253.7204203574428,151.28669360416725,296.3065618129069,1577686405
2741,15,13.440689205891251,253.7785354752724,152.55745906318938,296.2023687667485,1198511783
2741,16,13.497006883816162,253.83238717546692,177.70330610896744,295.62633709245273,343551846
2745,-1,18.623036160825976,262.6418241848232,151.37345874621823,322.5651955685512,3119748774
2745,14,18.630864749793773,262.57268060149255,151.37345874621823,322.49957583516016,1577685168
2745,15,18.597282986322114,262.6779906328117,152.64472449479868,322.5651955685512,1198511760
2745,16,18.675089884910413,262.8331807250856,171.21888963005725,319.973082208881,343551846
2760,-1,17.166403214332462,260.63182536033884,150.30033714757005,316.3299263404651,3119749412
2760,14,17.17715289133491,260.5732496575081,150.30033714757005,316.3299263404651,1577685796
2760,15,17.139175945375598,260.66564696579303,155.22621476406024,316.26645334082207,1198511770
2760,16,17.210635387912046,260.7828315701256,172.34182533754827,315.5487688035229,343551846
2819,-1,9.497977292341448,241.55879521270126,176.5480549152246,292.67891860280264,3119750077
2819,14,9.494826662149611,241.53277271876766,176.5480549152246,292.67891860280264,1577686434
2819,15,9.490937263121952,241.57416940103448,178.42204745672822,278.33551770708215,1198511797
2819,16,9.536480593311719,241.62466355203537,180.13594549652151,277.52865866068197,343551846
2889,-1,15.40529793926002,258.07062377734644,151.49933731991203,311.1389641352014,3119749780
2889,14,15.412327583526569,258.02012330285083,151.49933731991203,309.57965958948586,1577686159
2889,15,15.380829873687189,258.10272921998904,154.48998637021364,311.1389641352014,1198511779
2889,16,15.457248669271609,258.1905333322408,174.99335965352748,309.73531109408066,343551842
2907,-1,14.245065896125588,255.68559395903418,150.10176687064433,304.10887447761445,3119749963
2907,14,14.251010009681513,255.64413417906545,150.10176687064433,303.90855103794354,1577686340
2907,15,14.223067611687725,255.71386766414614,156.1700508085216,304.10887447761445,1198511781
2907,16,14.293693433361886,255.77735350153407,176.91444927285033,303.22295590021776,343551842
2910,-1,11.189984742254104,248.52673728412236,153.52427974486343,292.7034369994479,3119750071
2910,14,11.191323413618594,248.496066801883,153.52427974486343,292.7034369994479,1577686431
2910,15,11.176945595567055,248.54726849656072,165.97997234274422,286.8449764131357,1198511795
2910,16,11.228758547288702,248.59595974278284,173.42756551965422,286.5144728860695,343551845
2919,-1,9.105711358324458,240.72117596076575,174.899840297368,292.6944732700144,3119750077
2919,14,9.098477901968401,240.69112384831385,174.899840297368,292.6944732700144,1577686434
2919,15,9.103879982795148,240.7363108770362,177.197294390356,277.7614391239145,1198511797
2919,16,9.144551374420159,240.80638416084534,177.90587961539507,278.0564156936802,343551846
2921,-1,6.196203295061124,229.55734961508037,183.40111086118407,292.69362999320396,3119750077
2921,14,6.189241457510283,229.52708089287648,183.40111086118407,292.69362999320396,1577686434
2921,15,6.190735113001098,229.5771813965442,183.66509143602957,261.21692198419055,1198511797
2921,16,6.246178759893509,229.6271671073597,184.43767331171463,260.7599591781788,343551846
2939,-1,10.643874616004442,246.62343320342765,170.75971408970238,292.71943569908683,3119750075
2939,14,10.642203570233875,246.59098226729895,170.75971408970238,292.71943569908683,1577686434
2939,15,10.633459512691893,246.6417940563293,178.0265925116962,283.20294225207164,1198511795
2939,16,10.687154611089214,246.7084035020066,175.7705245653779,283.1458509325632,343551846
2944,-1,15.250751722396103,257.6699865183521,150.8826774768545,309.93868612429833,3119749869
2944,14,15.258137608490353,257.6243653491457,150.8826774768545,308.50415110250344,1577686248
2944,15,15.227364274633036,257.70041718515057,168.63852166401202,309.93868612429833,1198511779
2944,16,15.29751101975421,257.773331557829,173.32395082822887,308.77064152015487,343551842
2945,-1,15.64127536912099,258.4376165502808,150.90377148114254,311.7213998500659,3119749812
2945,14,15.64981412394793,258.39018090070397,150.90377148114254,309.89380860577654,1577686190
2945,15,15.616167709950343,258.46764463928815,154.27446170890738,311.7213998500659,1198511780
2945,16,15.688660931949068,258.55069861271005,168.66127932943735,310.4897558415676,343551842
2948,-1,14.63935038951413,256.6827938927173,150.96704981469045,304.97089857746244,3119749940
2948,14,14.649002476680074,256.64203635968204,150.96704981469045,304.97089857746244,1577686318
2948,15,14.612532546834288,256.70739530235426,163.93169931711873,304.93064041652553,1198511780
2948,16,14.687718106775415,256.78413965400927,174.31129178595287,304.34418130398785,343551842
2951,-1,15.204672179055533,257.67678514530564,151.03032263221095,309.03677238740846,3119749881
2951,14,15.21309833071488,257.63131813449826,151.03032263221095,307.9075006267907,1577686260
2951,15,15.180177529309537,257.70665927599146,167.56057397751874,309.03677238740846,1198511779
2951,16,15.250505884923708,257.7813637745765,169.95220270421052,308.0617101684102,343551842
2958,-1,15.028077046491429,257.307040319764,151.17793777646102,308.96052885464263,3119749912
2958,14,15.034499175111577,257.26015178660936,151.17793777646102,308.0586073652864,1577686290
2958,15,15.005003511045821,257.33783794305776,152.9678228577167,308.96052885464263,1198511780
2958,16,15.078094372382894,257.4149252939413,168.34924812246527,307.97163006360256,343551842
2971,-1,5.54985615590119,228.5545357419774,186.87750699493526,292.6999402420901,3119750077
2971,14,5.546674354140284,228.52402309090814,186.87750699493526,292.6999402420901,1577686434
2971,15,5.543557536837155,228.5768389263318,187.58470513226334,257.14961517133133,1198511797
2971,16,5.585419200027376,228.61685171072324,189.36553832878738,256.6574717750617,343551846
2977,-1,12.68428575646308,252.01553646773726,151.57845655289466,296.51653431411495,3119750054
2977,14,12.686993093321243,251.98404804390333,151.57845655289466,296.51653431411495,1577686421
2977,15,12.66881200185748,252.03685378558302,154.95966787798326,296.2719289885334,1198511790
2977,16,12.725297512156464,252.08577274334996,176.65887590782307,296.0966178877736,343551843
2985,-1,11.508086899693875,249.366044289323,151.7470302271098,292.70532856554973,3119750072
2985,14,11.50983403926313,249.3357198959913,155.1308693240643,292.70532856554973,1577686432
2985,15,11.496093672923923,249.3893703519036,171.81508058435722,288.65871068249356,1198511795
2985,16,11.541420801388632,249.4239273223315,151.7470302271098,288.73843836757516,343551845
2988,-1,13.542082379167981,254.062232797693,151.8102353234179,300.75344498687593,3119750033
2988,14,13.546138676565063,254.0260148867338,151.8102353234179,300.75344498687593,1577686403
2988,15,13.523134406375599,254.08538690781657,159.12240997494322,300.6878218594196,1198511787
2988,16,13.588864928762746,254.14778038640088,163.14330684704944,300.19350987852476,343551843
2990,-1,12.99650209087321,252.74575603332013,151.85236901742866,298.1794281167736,3119750051
2990,14,12.999264369646596,252.71102465931696,151.85236901742866,298.1794281167736,1577686419
2990,15,12.97994263582622,252.7689702993288,156.66789188280018,297.9168305702883,1198511789
2990,16,13.040949355230923,252.8242671696836,175.72001505085044,297.7105507518084,343551843
2991,-1,12.951722510864792,252.63573491059333,151.8734349537896,297.9807996340161,3119750050
2991,14,12.953600161637771,252.59987599792973,151.8734349537896,297.9807996340161,1577686418
2991,15,12.935991723645762,252.65907755380266,157.99127201570752,297.8663456087687,1198511789
2991,16,12.997295118732335,252.71897616510404,174.8665211263221,297.48715175151756,343551843
2993,-1,12.107424244222251,250.44471811748576,153.7115757324338,293.33793312225083,3119750063
2993,14,12.107081152399488,250.41070093434033,156.73248327690493,293.33793312225083,1577686426
2993,15,12.095163982522713,250.46553271461204,153.7115757324338,293.003789962714,1198511794
2993,16,12.151099886170304,250.52832095222914,177.4293957924504,293.16490539259456,343551843
3002,-1,8.526955370311006,238.64396684492732,175.1213934773022,292.7085226885527,3119750077
3002,14,8.518816255585369,238.61289207186786,175.1213934773022,292.7085226885527,1577686434
3002,15,8.52638700318646,238.6580152536891,176.83719607153054,276.03502182772297,1198511797
3002,16,8.565395553837988,238.73766176940595,177.63984218895243,275.40696723249846,343551846
3008,-1,11.160596146044876,247.6968076779494,152.23146312661692,292.6848659987235,3119750074
3008,14,11.158740463101827,247.66822418512206,152.23146312661692,292.6848659987235,1577686434
3008,15,11.152108440998912,247.71368403045219,175.26037898036216,287.9900493278519,1198511795
3008,16,11.19820539257628,247.76919640675652,160.66762631647816,287.676002164012,343551845
3014,-1,9.67687654916503,242.94289909976783,173.00014261517114,292.69830018476915,3119750077
3014,14,9.671511310397467,242.91468685290414,173.00014261517114,292.69830018476915,1577686434
3014,15,9.673586162847778,242.95654182766245,176.7020201211039,280.7244211552017,1198511797
3014,16,9.712350702364713,243.02486375561932,177.11689034920502,280.91079033435255,343551846
3027,-1,13.255797169441426,253.27288437914598,154.43335713713765,299.6517118805769,3119750055
3027,14,13.25690540057317,253.23496837340141,156.02902409794316,299.62903849300716,1577686421
3027,15,13.24036657604002,253.2977856059691,154.43335713713765,299.6517118805769,1198511791
3027,16,13.303802656432259,253.36013512180563,168.62095449400584,299.0481054099729,343551843
3029,-1,13.530555613601681,253.9726910652729,150.59537024716144,301.00129165782323,3119750049
3029,14,13.532799492029774,253.93451186763198,150.59537024716144,300.92349726927404,1577686416
3029,15,13.513168668738276,253.99747245491827,150.59537024716144,301.00129165782323,1198511790
3029,16,13.580157848846042,254.06156852132912,157.50713979490408,300.3986841449622,343551843
3030,-1,13.5754995008827,254.08168566623738,150.61620919066812,301.1751957823174,3119750046
3030,14,13.577990217398147,254.04348817997618,150.61620919066812,301.0531776049688,1577686414
3030,15,13.557771900109726,254.1063372251344,150.61620919066812,301.1751957823174,1198511789
3030,16,13.625154211870724,254.1711000349675,158.8353113859062,300.6522064548326,343551843
3036,-1,11.857747329560118,249.92423482894236,154.62429861832427,292.6878732030796,3119750070
3036,14,11.857719239877227,249.89107119540816,154.62429861832427,292.6878732030796,1577686431
3036,15,11.845508101049107,249.9454912879444,174.01170092978842,291.68453356031574,1198511795
3036,16,11.899939972960334,250.00237644938358,168.13800596460422,291.8788086140419,343551844
3047,-1,13.122853193903058,253.04024079284451,156.4563334011099,298.8806087877676,3119750057
3047,14,13.125197491350105,253.00619967026125,156.4563334011099,298.8806087877676,1577686423
3047,15,13.10630986644747,253.06221730090115,166.13840618909148,298.66004869117324,1198511791
3047,16,13.169172605143121,253.11990013233,175.23835413700797,298.34526943883037,343551843
3049,-1,13.731735573345926,254.52748547942448,151.0120368008032,301.8276164676547,3119750046
3049,14,13.735899285315485,254.49103888979255,151.0120368008032,301.69463148952826,1577686414
3049,15,13.712111115406957,254.551175870762,151.0120368008032,301.8276164676547,1198511789
3049,16,13.780383550147809,254.61221236006276,153.09422529084787,301.1487099980865,343551843
3052,-1,14.536859988407391,256.21971920589164,151.07451642321243,306.48960178205533,3119750020
3052,14,14.5407702519772,256.1755990011503,151.07451642321243,306.0651295640197,1577686391
3052,15,14.516387978021937,256.24847319726746,153.15731458199653,306.48960178205533,1198511787
3052,16,14.589407107041687,256.32202064836594,176.27883775197,305.7945294923794,343551842
3053,-1,14.583743068349378,256.35707801659595,151.09534178581333,306.7048563020222,3119750017
3053,14,14.5873508193585,256.3113185433758,151.09534178581333,306.20902886523686,1577686390
3053,15,14.563184027635337,256.3865633114108,158.02312810749083,306.7048563020222,1198511785
3053,16,14.637915893109572,256.4643562211852,177.1833419363074,305.99092669960714,343551842
3055,-1,13.717113372533817,254.64588218031463,151.1369907445066,300.8774357240118,3119750048
3055,14,13.722434694148921,254.60653777032502,151.1369907445066,300.832338303044,1577686414
3055,15,13.695971635559712,254.67276003392772,153.22039848569096,300.8774357240118,1198511791
3055,16,13.765657424277364,254.73279691310918,167.1003063933378,300.1861940001862,343551843
3058,-1,14.476584139888558,256.1848425453377,151.19945976825986,305.62787675857516,3119750022
3058,14,14.48005162398854,256.1389436927705,151.19945976825986,305.62787675857516,1577686394
3058,15,14.456395246513805,256.2152647065688,153.28347700556083,305.4704122435759,1198511786
3058,16,14.530117355493594,256.2894924758843,176.8636867464239,304.9321932350894,343551842
3064,-1,14.176660772680822,255.53957449136757,151.32438193741905,304.0635339752462,3119750035
3064,14,14.181671316988325,255.4997888381562,151.32438193741905,304.0635339752462,1577686405
3064,15,14.155652071274023,255.56567097080804,155.2180237712043,303.8801836990226,1198511788
3064,16,14.22616039031332,255.63124143097,177.00266482524069,303.14154327472806,343551842
3069,-1,8.918048821756955,240.59942802061445,176.21450155331283,292.7084130868681,3119750077
3069,14,8.916697672440218,240.58135150198515,176.21450155331283,292.7084130868681,1577686434
3069,15,8.909011946445034,240.60450178971067,177.11846082203598,276.0697199157727,1198511797
3069,16,8.955356831171578,240.66474016013453,177.98073121746532,275.91158081333134,343551846
3087,-1,10.650367471774832,246.48051955936907,174.15003070945778,292.7169433142394,3119750076
3087,14,10.649486269090296,246.45482201785592,174.15003070945778,292.7169433142394,1577686434
3087,15,10.640803923436208,246.49490695625795,175.18280574069732,284.9643739092308,1198511796
3087,16,10.687306108173354,246.54833813760905,177.9719227898414,284.6031588167504,343551846
3093,-1,9.125669034288094,240.90401113191325,175.81586556790927,292.7098521959846,3119750077
3093,14,9.119085795755907,240.87640971898867,175.81586556790927,292.7098521959846,1577686434
3093,15,9.123663874474795,240.9167061003138,176.29821055786766,278.2018221224481,1198511797
3093,16,9.16221633400804,240.98647701201133,177.67404091369235,278.6100687048874,343551846
3098,-1,5.128161182489594,220.26622475141548,190.4256888323542,292.7385615808534,3119750077
3098,14,5.141728870649536,220.25070647661178,190.4256888323542,292.7385615808534,1577686434
3098,15,5.121994429884529,220.2882738352193,191.80222565127937,243.32601495553982,1198511797
3098,16,5.08682960198261,220.26056879165955,192.88742118314127,242.49079230963153,343551846
3105,-1,10.369107714341709,245.00512136001277,174.02099641763448,292.72015331914633,3119750077
3105,14,10.364391548376474,244.97432687646307,174.02099641763448,292.72015331914633,1577686434
3105,15,10.364475232697389,245.02305835157642,176.09161917840407,284.67359837227576,1198511797
3105,16,10.406287457624622,245.08396344240003,177.50383587470972,284.1070307647208,343551846
3107,-1,11.08770901784059,247.22603855809615,169.73141234223556,292.686355244594,3119750076
3107,14,11.084636187757587,247.19542528049848,172.9338703208178,292.686355244594,1577686434
3107,15,11.080268466148338,247.24481140491227,169.73141234223556,288.1007670855354,1198511796
3107,16,11.127192574395457,247.30113253506903,169.73141234223556,287.755582555469,343551846
3110,-1,11.680487196218232,248.91248716437244,157.80075580184143,292.7215573989962,3119750073
3110,14,11.677970216092618,248.88056057732356,157.80075580184143,292.7215573989962,1577686434
3110,15,11.671498742165094,248.93176526735158,175.20035873638653,291.21815925686946,1198511795
3110,16,11.72278752251026,248.99184959522944,175.7103699295358,291.0001708878921,343551844
3116,-1,5.553331907635693,226.32998271715556,183.91265837201078,292.69876351781363,3119750077
3116,14,5.547322175394199,226.30015634478104,183.91265837201078,292.69876351781363,1577686434
3116,15,5.5484590603517985,226.3541158395557,183.91265837201078,256.92221148685877,1198511797
3116,16,5.596934504143202,226.38276319668662,185.4999657271706,256.0711227860308,343551846
3127,-1,12.766020570528374,252.19713701772602,156.55217512254563,296.8960487604297,3119750069
3127,14,12.768176982353262,252.16232470333745,160.93045663498785,296.8960487604297,1577686431
3127,15,12.750183092631495,252.22097435179242,156.55217512254563,296.72133377883614,1198511795
3127,16,12.81072872484389,252.27384622636393,176.1000780417079,296.50849217660834,343551843
3129,-1,12.984882866569583,252.5693294642066,156.59449016970424,298.2495705482669,3119750069
3129,14,12.986666088576705,252.5344838196371,158.20574284297834,298.2495705482669,1577686431
3129,15,12.969041815925772,252.59189618237315,156.59449016970424,298.02959644039936,1198511795
3129,16,13.031301906578184,252.65062439330907,176.64283264672403,297.74735578716894,343551843
3136,-1,10.952365891345405,246.90405391381967,150.32801916970865,292.69793284056,3119750077
3136,14,10.949624014109727,246.87665541964594,174.72741887201406,292.69793284056,1577686434
3136,15,10.944462665325302,246.91769484714902,150.32801916970865,287.00762898853617,1198511797
3136,16,10.991978891785175,246.98228784958656,175.2692055154978,286.3951027704234,343551846
3146,-1,11.329578449496148,247.8700920258046,168.33868322595367,292.7354821353759,3119750076
3146,14,11.326942416373885,247.8416935192359,171.29766414500392,292.7354821353759,1577686434
3146,15,11.32134907980034,247.88629536622338,171.96311381128154,289.3996698263379,1198511796
3146,16,11.369864496444734,247.94397910930712,168.33868322595367,288.8675397752363,343551846
3151,-1,11.81705489513717,249.51811327298935,158.67440307418585,292.70636469496253,3119750075
3151,14,11.815711089904402,249.48747652407073,169.24025320161928,292.70636469496253,1577686434
3151,15,11.806522527804614,249.53722856694327,162.66236564195282,291.5156338716018,1198511796
3151,16,11.85940846252017,249.59212037914529,158.67440307418585,291.66755154708846,343551845
3160,-1,10.850425305204098,246.44349938858298,161.6419110197526,292.7259742111934,3119750077
3160,14,10.846031204916631,246.41461204775408,173.5383919155122,292.7259742111934,1577686434
3160,15,10.84412759903293,246.45828213481323,161.6419110197526,286.95986632754307,1198511797
3160,16,10.891969655957634,246.52458720783193,176.3438281498563,286.4146454863738,343551846
3165,-1,7.189393736729162,232.85380100072504,174.8275854694568,292.73634969436097,3119750077
3165,14,7.179838746765258,232.8247206014439,174.8275854694568,292.73634969436097,1577686434
3165,15,7.188273794791852,232.8655277862222,176.4580828203608,269.23382320864783,1198511797
3165,16,7.23609852407671,232.94643639492384,177.46892229159334,268.1086204256769,343551846
3168,-1,5.542291015957002,219.72676369820363,193.27429600316455,292.71506721715923,3119750077
3168,14,5.561679894282706,219.71793487875766,193.72152916906828,292.71506721715923,1577686434
3168,15,5.5399983971884925,219.74215871584428,193.94182969804282,241.53229325789664,1198511797
3168,16,5.46036441994578,219.71360119699213,193.27429600316455,241.44896661427563,343551846
3175,-1,10.535002887064314,245.28591122812736,174.4758686891289,292.7148378645328,3119750077
3175,14,10.528702212124596,245.25498250503983,174.4758686891289,292.7148378645328,1577686434
3175,15,10.531773131041382,245.3038233726954,175.05465422890134,285.69768630171467,1198511797
3175,16,10.57455809345838,245.3654564571223,176.68654206795594,284.74060149728115,343551846
3178,-1,11.726236771604102,248.96447890193141,172.01586307138126,292.72037187287395,3119750076
3178,14,11.72262340838009,248.9319801339852,172.68317100780305,292.72037187287395,1577686434
3178,15,11.718271776372166,248.9843927898051,172.01586307138126,291.2310117483091,1198511796
3178,16,11.769986212057063,249.04425095412284,172.01586307138126,291.37186185680383,343551846
3189,-1,13.392428086535295,253.4573750914664,151.41549297819407,300.2869933287451,3119750069
3189,14,13.392083676162368,253.4202920119542,164.613905250911,300.22615291387854,1577686430
3189,15,13.378438594733407,253.48187560865492,166.65218011664948,300.2869933287451,1198511795
3189,16,13.442113076033587,253.54219871562634,151.41549297819407,299.90879219744323,343551844
3207,-1,9.102008998437471,240.208088643504,175.20045834693195,292.71093451913265,3119750077
3207,14,9.093428832173165,240.1761709686037,175.20045834693195,292.71093451913265,1577686434
3207,15,9.101275299033972,240.22933908111006,177.41716433912043,277.91906187560926,1198511797
3207,16,9.143227297456926,240.2805294783373,177.41716433912043,277.6425979444309,343551846
3228,-1,9.125833765775194,240.94806300891477,176.25701886486834,292.72155980627036,3119750077
3228,14,9.11697701824186,240.91475577113593,176.25701886486834,292.72155980627036,1577686434
3228,15,9.122573161160256,240.96327346513084,176.25701886486834,276.8404342734541,1198511797
3228,16,9.176846926066556,241.04795612951526,176.82013275512665,276.4968705793782,343551846
3244,-1,7.099502756226631,231.79720390060072,176.03743043978082,292.7497405205094,3119750077
3244,14,7.089004072829903,231.77172141435437,176.03743043978082,292.7497405205094,1577686434
3244,15,7.099573632623846,231.8100109859019,176.61963529454485,268.7272813888576,1198511797
3244,16,7.146657238791799,231.86954794510572,177.73029798738267,267.76182862639627,343551846
3248,-1,5.961800514341171,218.56314589811657,193.55714614224195,292.7098029120412,3119750077
3248,14,5.9799615202331555,218.56849611267106,193.55714614224195,292.7098029120412,1577686434
3248,15,5.965808320318303,218.57388393845923,193.80064460263685,241.02646743042638,1198511797
3248,16,5.8631023178625705,218.50111558392368,194.27970402268602,240.71016448841456,343551846
3252,-1,6.184381878364152,226.76814172127314,176.2182803258966,292.7266055676211,3119750077
3252,14,6.17426638317992,226.7498325997753,176.2182803258966,292.7266055676211,1577686434
3252,15,6.181581146268766,226.7762679131319,178.44345582964326,261.8766158437653,1198511797
3252,16,6.2399218757037955,226.8238733845464,177.9122950162193,261.50205207306504,343551846
3256,-1,6.299995308426321,227.74908395298252,176.8914882094602,292.728873374451,3119750077
3256,14,6.29021826798614,227.7305667043081,176.8914882094602,292.728873374451,1577686434
3256,15,6.297471352120171,227.7585450627161,177.4559396612202,262.6762923786024,1198511797
3256,16,6.353074454688373,227.80111441245558,178.53461728570065,262.06884478203557,343551846
3263,-1,10.0695322364521,243.4428873894755,174.59259662835393,292.74657853780155,3119750077
3263,14,10.060349431533522,243.41117544433092,174.59259662835393,292.74657853780155,1577686434
3263,15,10.068921004008102,243.4609141757379,174.59259662835393,283.3958706840752,1198511797
3263,16,10.113095509244676,243.5256294558732,175.8639931235468,282.69073097835525,343551846
3281,-1,5.194655939734487,220.45173536441368,190.6072462967512,292.7514379824811,3119750077
3281,14,5.200978676374679,220.44920263980956,190.6072462967512,292.7514379824811,1577686434
3281,15,5.191228152399182,220.466847604711,191.46595969721974,244.52833864900091,1198511797
3281,16,5.177285618909055,220.41064592422927,191.7446393852511,242.76650842413213,343551846
3295,-1,11.21024886329307,247.11589134418261,172.4390792542864,292.69278868187666,3119750077
3295,14,11.203971728291929,247.08326377336724,172.4390792542864,292.69278868187666,1577686434
3295,15,11.204975444536416,247.1347497830125,175.31023754254022,288.51039275334483,1198511797
3295,16,11.256774643399101,247.19993692500358,174.63615720082078,287.76240017909834,343551846
3303,-1,9.418704814032976,241.01187373706514,170.97342479170743,292.73505706440517,3119750077
3303,14,9.40927831242828,240.98041522860348,170.97342479170743,292.73505706440517,1577686434
3303,15,9.418706522165934,241.0282216210983,173.38122478015154,279.90030902247855,1198511797
3303,16,9.461173994640555,241.09930895394396,174.81500381038862,279.73145655846366,343551846
3309,-1,5.249880084505598,219.86110975503507,190.97582570163036,292.7478128547551,3119750077
3309,14,5.2597167168827115,219.86182330716696,190.97582570163036,292.7478128547551,1577686434
3309,15,5.247291169009492,219.87141135410056,192.13124116110043,243.0371950781147,1198511797
3309,16,5.213385842273434,219.82189486015594,192.4105259251805,242.17798125008215,343551846
3312,-1,6.6396448032558,228.97361275252098,173.58126841001845,292.7466003439998,3119750077
3312,14,6.629378379620228,228.9491276848962,173.58126841001845,292.7466003439998,1577686434
3312,15,6.638367671736344,228.98659776506122,174.31370581058437,264.92823263260783,1198511797
3312,16,6.690424320797331,229.04075565564327,176.96793899978746,264.3287227066113,343551846
3322,-1,9.207146268927472,240.51479600634988,172.23484017521125,292.7116628457757,3119750077
3322,14,9.19590588672635,240.47702398322036,172.23484017521125,292.7116628457757,1577686434
3322,15,9.208942683935662,240.53671341089108,173.8034797332686,278.2032369236432,1198511797
3322,16,9.251402054682083,240.61179487555108,173.8034797332686,278.4964445997764,343551846
3326,-1,4.922707116128344,222.94693559158537,187.46266889904956,292.7089993300561,3119750077
3326,14,4.9274611384731,222.92556548504373,187.46266889904956,292.7089993300561,1577686434
3326,15,4.914002216594733,222.96936232735638,187.8191688283542,249.2042211439727,1198511797
3326,16,4.930767700651613,222.96683541128866,190.15364318014548,247.71772240587936,343551846
3354,-1,12.01150566407632,249.50444901886928,170.35898397834598,292.8407546119147,3119750077
3354,14,12.006728211589149,249.46770084635094,170.35898397834598,292.8407546119147,1577686434
3354,15,12.00374492084406,249.52812918378555,175.2492224614342,292.60327495217194,1198511797
3354,16,12.059760573972047,249.59059652933678,172.26824012264152,292.34801975799206,343551846
3366,-1,7.9879265415455905,236.6144360050056,173.69384745812388,292.71013818269347,3119750077
3366,14,7.979064701441186,236.58141424736365,173.69384745812388,292.71013818269347,1577686434
3366,15,7.988354408291225,236.6346079863048,174.6294289195932,272.24773476367403,1198511797
3366,16,8.026199877416454,236.69570939016612,176.76664144879715,271.68040070193024,343551846
3375,-1,8.765647414692221,238.5839079257875,170.3269346667271,292.7071919047265,3119750077
3375,14,8.754757694298512,238.55228018373768,170.3269346667271,292.7071919047265,1577686434
3375,15,8.767067727361916,238.5991735899652,172.81596608699542,275.9129796160942,1198511797
3375,16,8.809767606468329,238.67589573296138,175.78850454635932,276.0445086299177,343551846
3378,-1,5.710783138749343,227.64354091804427,179.35805423532346,292.7651461618506,3119750077
3378,14,5.706652675951467,227.62177181365408,179.35805423532346,292.7651461618506,1577686434
3378,15,5.705093990753814,227.65485020673773,179.70789961502018,259.23292421182305,1198511797
3378,16,5.748904265007813,227.7040572709733,183.45635399311885,258.64012318618296,343551846
3411,-1,8.251752654563266,235.81006791549362,170.49972532347803,292.7788777170205,3119750077
3411,14,8.239512290534893,235.78095299194933,170.49972532347803,292.7788777170205,1577686434
3411,15,8.254574655565621,235.82326410893543,173.43499709103153,273.8264463510213,1198511797
3411,16,8.297212055401795,235.89773569180716,174.84779013890414,274.0937825847973,343551846
3416,-1,5.155179713958382,221.32006904210903,192.20713134102823,292.828438421066,3119750077
3416,14,5.165863947239969,221.30906232426833,192.20713134102823,292.828438421066,1577686434
3416,15,5.14898518570122,221.336683761211,192.52316694507255,245.12496083421783,1198511797
3416,16,5.1274337003856205,221.31265302191576,193.26276037658732,243.43615389692567,343551846
3432,-1,9.300580019506876,240.0391143297882,172.15728761429352,292.7668820247029,3119750077
3432,14,9.290249687031006,240.01043996346328,172.15728761429352,292.7668820247029,1577686434
3432,15,9.301457776214626,240.05237120957375,173.54490680391928,279.2640987132804,1198511797
3432,16,9.344200552806546,240.12454723396743,173.27657319444324,278.55026113002515,343551846
3438,-1,7.946056900943619,234.0343002527521,170.00988121070478,292.75221292464624,3119750077
3438,14,7.932986536630164,234.00120967834815,170.00988121070478,292.75221292464624,1577686434
3438,15,7.948556388912856,234.04987812915272,170.00988121070478,272.2769457160408,1198511797
3438,16,7.996181867585976,234.1319166157043,170.23091222683388,272.4702342826008,343551846
3440,-1,6.809762024365237,228.74293964063006,170.05307293861557,292.8354091441259,3119750077
3440,14,6.7964601815310655,228.7132394312058,172.4279771904631,292.8354091441259,1577686434
3440,15,6.810349054232551,228.75713932471623,170.05307293861557,265.3414241247974,1198511797
3440,16,6.8675916415852285,228.82979444566772,176.11554310202771,265.13655196930205,343551846
3442,-1,5.278374930986357,220.52943396261915,180.50143482232153,292.7679577035516,3119750077
3442,14,5.2750389681125505,220.51404827948977,180.50143482232153,292.7679577035516,1577686434
3442,15,5.275900804808694,220.5470032137567,183.54331219767042,249.64472411615628,1198511797
3442,16,5.302052565481895,220.5387974075714,184.4396036997476,247.5418299423257,343551846
3444,-1,5.836926924283805,218.3016913947483,190.60772960828106,292.7463366189129,3119750077
3444,14,5.8505760107289975,218.2964049146437,191.23875569053482,292.7463366189129,1577686434
3444,15,5.837667145407477,218.3235837522236,190.60772960828106,242.08563804719364,1198511797
3444,16,5.770829763283605,218.2495949180098,191.7838070141705,240.7277366125245,343551846
3446,-1,5.375903199952188,221.19931988369234,172.9386704095159,292.76279483981364,3119750077
3446,14,5.3685898039524345,221.1911786930842,172.9386704095159,292.76279483981364,1577686434
3446,15,5.373189141474563,221.20713314561584,178.34983517676105,253.82352998947582,1198511797
3446,16,5.418703334538225,221.2094492409675,178.48584199033647,251.3728041802559,343551846
3448,-1,5.7361041187155335,218.27946244444504,189.30013448851534,292.72821730460305,3119750077
3448,14,5.750781781481344,218.2831472237269,190.1228976562518,292.72821730460305,1577686434
3448,15,5.736119214966225,218.2849347328824,189.30013448851534,242.50361980632945,1198511797
3448,16,5.6680297433290905,218.2434503295982,191.40107182153977,241.399737883679,343551846
3450,-1,5.626761017447499,218.7774838698067,190.4965882029732,292.73657935232154,3119750077
3450,14,5.639236955360261,218.7757521463292,190.96009682982108,292.73657935232154,1577686434
3450,15,5.628717629416737,218.7890886837278,190.4965882029732,242.19980870008584,1198511797
3450,16,5.562068580462564,218.7449519830516,192.58609232157986,241.269133141508,343551846
3452,-1,5.313706446233124,223.92798228592505,177.7868997538199,292.74328451361055,3119750077
3452,14,5.310371617659604,223.90795531883938,177.7868997538199,292.74328451361055,1577686434
3452,15,5.308951167227225,223.94328720811757,179.60813667561612,255.6802728124998,1198511797
3452,16,5.345114846303846,223.96655912560647,180.42256797875692,254.08431078152626,343551846
3454,-1,5.414841522022374,224.65536975325602,178.7993156969197,292.7403384364893,3119750077
3454,14,5.408390507615701,224.6369175154276,178.7993156969197,292.7403384364893,1577686434
3454,15,5.4108709353197915,224.66649639697235,180.46746989284452,256.21071622951695,1198511797
3454,16,5.457746450881774,224.7012912982208,180.5895703029602,255.206624753761,343551846
3458,-1,7.061561079069213,231.85572183418046,174.72572290181174,292.76947299932783,3119750077
3458,14,7.051337093666462,231.8297379057699,174.72572290181174,292.76947299932783,1577686434
3458,15,7.061252366961283,231.8666171381875,175.72421485645307,267.54102702276947,1198511797
3458,16,7.108681183859164,231.9370380643107,177.04526575603148,267.08599798760787,343551846
3467,-1,8.782172460497732,239.01717405571497,169.83499703277445,292.74665917370896,3119750077
3467,14,8.771424056249867,238.98683447891744,170.967176899119,292.74665917370896,1577686434
3467,15,8.783428248430457,239.03138572167683,169.83499703277445,275.87641476871846,1198511797
3467,16,8.826270607069109,239.10692321519545,173.76898180313677,275.91021914014317,343551846
3476,-1,9.736068734815117,242.25384783973675,169.18393184558843,292.75291237863894,3119750077
3476,14,9.726457211842243,242.22252909405927,169.18393184558843,292.75291237863894,1577686434
3476,15,9.736152962381192,242.27053707224783,171.80469439372484,280.96844033122073,1198511797
3476,16,9.779139104248042,242.33945040156334,172.62402028792943,280.29937490539436,343551846
3484,-1,7.565384763141003,234.55704665294735,172.29030040940629,292.7630772422555,3119750077
3484,14,7.55609403269854,234.5320819673511,172.89747814961044,292.7630772422555,1577686434
3484,15,7.566181847498818,234.56922146017777,175.21023937612108,271.1591564415716,1198511797
3484,16,7.604574272290395,234.62921857107594,172.29030040940629,270.44852253596946,343551846
3491,-1,5.236544235190507,220.02615145037362,189.71335529936164,292.76293152337166,3119750077
3491,14,5.246453684276153,220.02230027789102,189.71335529936164,292.76293152337166,1577686434
3491,15,5.232866949323412,220.0397103566163,191.01125404825274,244.12771452738477,1198511797
3491,16,5.203562896221099,219.9965356394736,192.16118319165386,242.83382425838374,343551846
3497,-1,8.44268774961765,236.99062755155032,169.63383040095943,292.754375518724,3119750077
3497,14,8.430292981913759,236.9568949209985,169.63383040095943,292.754375518724,1577686434
3497,15,8.445387678633127,237.00857268223484,172.15381669239682,274.38436622175954,1198511797
3497,16,8.489137376544724,237.0829340349817,173.37765457539328,274.72494913479824,343551846
3499,-1,7.577102643356472,233.67497841890486,169.92317736811086,292.7595688585347,3119750077
3499,14,7.564704963061511,233.64033589304816,169.92317736811086,292.7595688585347,1577686434
3499,15,7.579497738606977,233.6950524402374,174.7422649134367,270.4220047093584,1198511797
3499,16,7.6245047725974775,233.76403656852492,170.8722187383177,270.50237740233905,343551846
3504,-1,5.565223720344245,223.88353267013076,176.81840180171923,292.8084544132037,3119750077
3504,14,5.555213069960959,223.86623247319037,176.81840180171923,292.8084544132037,1577686434
3504,15,5.562578350611151,223.89472300376474,178.36144479187482,256.8422881373574,1198511797
3504,16,5.619803429645455,223.92394153216222,179.08428562081048,255.80900711997174,343551846
3506,-1,5.51182521985968,220.3432925127039,193.4675826593054,292.76902848661973,3119750077
3506,14,5.530780517756332,220.34529984603006,194.31837743784365,292.76902848661973,1577686434
3506,15,5.5108653299896035,220.3510627653894,193.9952375977528,241.98597967073817,1198511797
3506,16,5.427185515642858,220.30696704331206,193.4675826593054,241.6764234898672,343551846
3509,-1,6.07339348288839,225.54542543030436,172.09208240662443,292.85383088021854,3119750077
3509,14,6.062472830316445,225.52481104357005,172.09208240662443,292.85383088021854,1577686434
3509,15,6.071553042169354,225.55772562862245,172.4134296105058,260.8995755067543,1198511797
3509,16,6.12923728446335,225.59718211772523,174.59368323387966,260.0173826518678,343551846
3518,-1,8.10740084390786,235.47879502125355,170.81287850937974,292.77600558217904,3119750077
3518,14,8.095011722099189,235.4471102473657,172.0684553586604,292.77600558217904,1577686434
3518,15,8.109721178714226,235.49559150371337,170.81287850937974,272.6056056237383,1198511797
3518,16,8.15520406049734,235.56570433610247,172.92339143623778,272.9621157712048,343551846
3527,-1,8.27921930185854,236.46748416050485,169.76981116379474,292.8124821373665,3119750077
3527,14,8.267129847580224,236.4352942407293,169.76981116379474,292.8124821373665,1577686434
3527,15,8.281844751593962,236.48495518347664,173.8315140970859,273.57339349822604,1198511797
3527,16,8.3246044755258,236.5543600511502,173.42776910009943,273.7013716504827,343551846
3555,-1,5.206615030126175,221.03022645575976,182.97723071366332,292.78325383661837,3119750077
3555,14,5.203775288416534,221.02901679762167,182.97723071366332,292.78325383661837,1577686434
3555,15,5.203585967685275,221.03652214241257,184.2142021621007,250.81463933552646,1198511797
3555,16,5.230123599743927,221.01381847089536,184.09992029094641,248.41158008743258,343551846
3575,-1,5.351233395352361,219.62131853973696,178.05239123616926,292.7666366827665,3119750077
3575,14,5.349716182607016,219.6181598663644,178.05239123616926,292.7666366827665,1577686434
3575,15,5.349580338151894,219.62851191981022,180.65977422701707,249.17704137206138,1198511797
3575,16,5.363919161767096,219.61072929450037,182.86743239579692,246.19344508866737,343551846
3577,-1,6.389192669950832,218.07598779694868,191.21601684115797,292.7794757425524,3119750077
3577,14,6.407542986137444,218.06487533392615,191.45856586182404,292.7794757425524,1577686434
3577,15,6.394584863487175,218.10566088131225,191.21601684115797,245.00842962167934,1198511797
3577,16,6.284626757744545,218.0235020958409,191.81696763472945,243.77887030397085,343551846
3580,-1,5.487293266971696,219.3011383121394,171.780485097904,292.7539694674661,3119750077
3580,14,5.479234338347442,219.29746912362938,171.780485097904,292.7539694674661,1577686434
3580,15,5.487474818241555,219.3103455553482,173.1830156428663,251.18806029145549,1198511797
3580,16,5.523468510061571,219.28586795126463,175.2790325019061,247.77229866126888,343551846
3582,-1,6.0722464226839765,218.0968947180471,186.87396906554432,292.8354268345877,3119750077
3582,14,6.085593229906674,218.09960043221204,190.71123201261307,292.8354268345877,1577686434
3582,15,6.079440835702298,218.1101561957508,190.07137017953494,245.31431173997748,1198511797
3582,16,5.984807085154155,218.03820545108334,186.87396906554432,244.04187377818565,343551846
3586,-1,6.122005239041188,225.20672931159618,169.5367332160945,292.7866990610985,3119750077
3586,14,6.10953672852237,225.18866615325305,171.53775807020736,292.7866990610985,1577686434
3586,15,6.121094420449722,225.21773533213644,169.5367332160945,260.69257580233864,1198511797
3586,16,6.1817722972564,225.25128489933599,173.64452654325987,260.125716111629,343551846
3589,-1,6.041568522509111,219.02799161507906,191.41056400920468,292.800304775769,3119750077
3589,14,6.060577135281501,219.03001891808194,191.41056400920468,292.800304775769,1577686434
3589,15,6.046916128190319,219.03843696636616,192.52360735746566,244.771185696004,1198511797
3589,16,5.934316178384777,218.98224211505553,192.90668445934966,243.6365670496159,343551846
3599,-1,6.650176629597516,230.18988472707557,170.09476660153985,292.8031236883173,3119750077
3599,14,6.639054012457179,230.16449200053702,170.779323241111,292.8031236883173,1577686434
3599,15,6.651347407547604,230.203724545812,170.09476660153985,264.6518164251066,1198511797
3599,16,6.696343216961158,230.25821378550287,175.39307922862437,264.2071293927461,343551846
3610,-1,9.64309829918062,241.26258382362482,166.15928691653127,292.76112522104006,3119750077
3610,14,9.630613580869094,241.2286875123502,166.15928691653127,292.76112522104006,1577686434
3610,15,9.644943154038732,241.2809295943985,168.06624143485928,279.98236801841034,1198511797
3610,16,9.693058442611688,241.35424430552877,173.02337090776683,279.2844105521125,343551846
3626,-1,9.04749222030463,239.20944408782478,168.23845923897386,292.79245517748706,3119750077
3626,14,9.035921324320741,239.1829333085033,168.23845923897386,292.79245517748706,1577686434
3626,15,9.049160109247788,239.22153988004845,172.6412586666396,276.46478895004424,1198511797
3626,16,9.094099600911523,239.2889917530006,171.881321794971,276.4228054908944,343551846
3638,-1,5.129354171996138,220.55239399030913,188.09042204712352,292.7994500819379,3119750077
3638,14,5.136870984973076,220.54872036325548,188.09042204712352,292.7994500819379,1577686434
3638,15,5.129140442937773,220.5616686472116,189.52934387825448,245.10476756518094,1198511797
3638,16,5.0953840086295985,220.5369088336826,189.76691747451488,244.82831983147872,343551846
3646,-1,7.296073082475045,231.43913298518663,169.303833578251,292.85739288077406,3119750077
3646,14,7.282081489244448,231.41133925174105,170.6634351999017,292.85739288077406,1577686434
3646,15,7.299581172999007,231.454686794308,169.303833578251,267.87991601042006,1198511797
3646,16,7.347174689506548,231.51250872972278,169.6166565426241,268.22255465338793,343551846
3653,-1,5.602978480481515,218.15587896117862,182.81213904914475,292.8108446732856,3119750077
3653,14,5.604303259203225,218.16291676636814,182.81213904914475,292.8108446732856,1577686434
3653,15,5.60628171715538,218.15572347075442,183.29550024085404,246.30243349477266,1198511797
3653,16,5.585228435083242,218.12410182828862,185.71507329408902,245.67754048545703,343551846
3658,-1,5.393021514667365,220.38965542287266,166.59016854424155,292.8299358626311,3119750077
3658,14,5.3846284036498355,220.3834504841301,166.59016854424155,292.8299358626311,1577686434
3658,15,5.39292953703931,220.39688458440335,174.97243595931235,252.34807433938326,1198511797
3658,16,5.431683043204632,220.3929306557498,176.4676022207962,249.61495719323386,343551846
3661,-1,6.229409562203565,217.32141058143552,180.752313903656,292.7915326020209,3119750077
3661,14,6.241374891013489,217.33343185427526,189.56709725127587,292.7915326020209,1577686434
3661,15,6.239593753136043,217.3240458930963,189.11993083690152,246.7131411086745,1198511797
3661,16,6.137789284848113,217.2570120009869,180.752313903656,246.18417659903184,343551846
3673,-1,9.05906763304261,238.47776833865183,169.38849391768446,292.80351111782426,3119750077
3673,14,9.044771106245301,238.44589304110764,169.55118683457,292.80351111782426,1577686434
3673,15,9.063094702566344,238.49354717126977,169.38849391768446,277.06474860274204,1198511797
3673,16,9.109710128622854,238.56910275540736,173.01160897808393,276.76223192816343,343551846
3689,-1,9.706761598985473,240.84995276042025,163.73943902793917,292.81556917997835,3119750077
3689,14,9.693567418417695,240.81800594533286,166.8405610510781,292.81556917997835,1577686434
3689,15,9.70946469174136,240.86502238247263,163.73943902793917,280.8162250514453,1198511797
3689,16,9.757011725242032,240.9440897512218,171.426488106649,280.10660871610145,343551846
3700,-1,5.686869689287412,218.8897924393606,188.31685194490723,292.79496323831955,3119750077
3700,14,5.700579924672169,218.88263026583877,190.6959935585614,292.79496323831955,1577686434
3700,15,5.687335016965621,218.91345816126974,189.01983855469123,246.05199207419463,1198511797
3700,16,5.621423148553966,218.84012313009066,188.31685194490723,246.88194672217614,343551846
3710,-1,9.64560693982456,240.56351780432166,166.87071677762944,292.7989793466556,3119750077
3710,14,9.631850005305946,240.52731277218416,166.87071677762944,292.7989793466556,1577686434
3710,15,9.64892852750156,240.5834814773458,170.16406025005293,280.6524278612581,1198511797
3710,16,9.696147507508595,240.66013638111423,172.1603820172954,280.0608173760706,343551846
3726,-1,6.526066406413332,217.9683725799712,188.22694177526688,292.7888773872481,3119750077
3726,14,6.543350045332988,217.96184879728733,188.45445304065862,292.7888773872481,1577686434
3726,15,6.533020010417745,217.99287406609284,188.22694177526688,245.78730728593155,1198511797
3726,16,6.421062463339302,217.91285596160876,189.65893330843627,247.4362599161445,343551846
3763,-1,12.124235422644912,249.03019605903572,160.8831241808901,293.8920199736373,3119750066
3763,14,12.114800431547634,248.9894422343515,163.66680882172827,293.8920199736373,1577686434
3763,15,12.119755464781107,249.0550378532149,167.75745935786972,293.7889363454327,1198511797
3763,16,12.18221413804108,249.13068620182744,160.8831241808901,292.8860066213127,343551835
3814,-1,12.209712873881745,249.34338060714472,153.38754266220474,294.62743815872847,3119750065
3814,14,12.200309176425867,249.30390532413952,153.38754266220474,294.5589072511024,1577686434
3814,15,12.205162125350908,249.36672714483868,162.9004816966673,294.62743815872847,1198511797
3814,16,12.267835978842585,249.44321566618368,164.41525278029107,293.5876304317454,343551834
3841,-1,11.902429499579974,248.44649482369977,157.43608003632494,292.83497742426175,3119750064
3841,14,11.892686021952251,248.4100959998874,162.09082943701986,292.83497742426175,1577686433
3841,15,11.899245789462169,248.4667608219096,157.43608003632494,292.2788240426014,1198511796
3841,16,11.95742748707437,248.54294866040752,164.37329191314862,291.6055427230394,343551835
3888,-1,6.4813035059898825,218.1173808716565,169.23312929513006,292.8116821532368,3119750077
3888,14,6.498064175421993,218.11899995802503,183.66296695244822,292.8116821532368,1577686434
3888,15,6.491646402829535,218.1195836407852,186.43911261518736,246.87445485255026,1198511797
3888,16,6.367097287440281,218.10226101290345,169.23312929513006,250.19808566971713,343551846
4032,-1,6.56812326065806,216.46855014719256,159.48748254268395,292.927894448521,3119750077
4032,14,6.5865591688791385,216.46758653326918,161.1536223082891,292.927894448521,1577686434
4032,15,6.567111320924087,216.4847709100518,164.75760275868106,247.38089185734805,1198511797
4032,16,6.486081838413102,216.41638772909687,159.48748254268395,249.59368381056998,343551846
4059,-1,10.412450310147776,243.86377006089677,150.4831306509887,292.9742798620743,3119749938
4059,14,10.402812678218368,243.83549496003116,150.4831306509887,292.9742798620743,1577686362
4059,15,10.412474099217858,243.87657756576414,150.4831306509887,285.57291696222876,1198511741
4059,16,10.45596254475112,243.94893711018162,150.4831306509887,284.3796301818427,343551835
4068,-1,8.068058272455586,234.78436163457857,150.64856669012084,292.9455687935763,3119750033
4068,14,8.058054262611286,234.76191696495917,150.64856669012084,292.9455687935763,1577686413
4068,15,8.0684555470636,234.79050813111095,150.64856669012084,273.13249776968246,1198511781
4068,16,8.111901435232415,234.86599124214658,153.07249777225397,272.9804001497527,343551839
4082,-1,10.229064380369378,243.35370817169752,150.90584712196178,292.9453255242735,3119749964
4082,14,10.219591498534063,243.32702489353147,150.90584712196178,292.9453255242735,1577686374
4082,15,10.22931578233848,243.36510428356473,150.90584712196178,284.6472976631753,1198511756
4082,16,10.271066156445599,243.43648889796987,150.90584712196178,283.63199324984754,343551834
4095,-1,5.900143946459232,226.05766639038532,159.44350595354368,292.91344029340047,3119750073
4095,14,5.8945600017665365,226.04028974802085,162.37623855120407,292.91344029340047,1577686432
4095,15,5.8965229807009205,226.06797224816071,159.44350595354368,260.23618716306055,1198511795
4095,16,5.937969970382427,226.1015118855156,165.18418344500887,259.4254480461475,343551846
4160,-1,6.298384997434763,218.3615768075947,155.83088870098697,292.9612638412884,3119750076
4160,14,6.317652229861654,218.3654290205374,155.83088870098697,292.9612638412884,1577686433
4160,15,6.302693823229595,218.37112092696316,182.05583021628743,247.0926429330853,1198511797
4160,16,6.193624007332251,218.310590838648,184.7322746036143,246.621991922435,343551846
4234,-1,8.67550858256094,237.6964923455131,150.5178671341475,292.97236930187563,3119749935
4234,14,8.667249318080271,237.67340599568678,150.5178671341475,292.97236930187563,1577686366
4234,15,8.67566569085477,237.70601922504812,150.5178671341475,276.47675521717696,1198511737
4234,16,8.712328538553578,237.76927595512552,150.5178671341475,276.47675521717696,343551832
4257,-1,10.47673659908582,244.69108364218843,150.93227061548276,293.00979302721646,3119749875
4257,14,10.470076064793487,244.66557502574113,150.93227061548276,293.00979302721646,1577686304
4257,15,10.474264002364844,244.7035228451593,150.93227061548276,286.09945433587865,1198511742
4257,16,10.515439359257575,244.76483107079312,152.64053277584046,285.27222906015993,343551829
4411,-1,6.863869329605751,231.55042134581885,151.6334294835197,292.92230122141785,3119749949
4411,14,6.858683792194974,231.53344207644906,151.6334294835197,292.92230122141785,1577686354
4411,15,6.858568979260043,231.55388503520098,151.6334294835197,267.7264623062863,1198511761
4411,16,6.905614694907309,231.6163115169207,151.6334294835197,266.3239524071346,343551834
4498,-1,10.320974796367112,245.08936473362866,150.57133609882032,293.09399424931433,3119747623
4498,14,10.315101777968525,245.06552605886935,150.57133609882032,293.09399424931433,1577685230
4498,15,10.318384779312723,245.10214717653935,150.57133609882032,285.7641326487924,1198510814
4498,16,10.356552750961386,245.15424590540977,150.57133609882032,285.1633275846866,343551579
4520,-1,9.836428696618993,243.01077281104273,150.95626738459643,292.99757714713684,3119747416
4520,14,9.829100492062125,242.98676512375113,150.95626738459643,292.99757714713684,1577685080
4520,15,9.835485403381695,243.02197818205994,150.95626738459643,283.5051754327313,1198510756
4520,16,9.87287820193348,243.08193188519442,150.95626738459643,283.27702639544077,343551580
4552,-1,12.59502088712701,252.40024705516348,151.51587142182598,298.7462334051003,3119746439
4552,14,12.596586707493138,252.37176976572863,151.51587142182598,298.7462334051003,1577684537
4552,15,12.580982610012851,252.41875574611706,151.51587142182598,298.39711247323885,1198510406
4552,16,12.6363391927755,252.4664534921971,151.51587142182598,298.1404865449142,343551496
4567,-1,13.163311990600413,254.00136482993236,151.77806553433007,301.4442503031946,3119745606
4567,14,13.166598871065702,253.96910897572903,151.77806553433007,301.40219525030153,1577683981
4567,15,13.146601474703287,254.02343734313624,151.77806553433007,301.4442503031946,1198510217
4567,16,13.205967659465939,254.0724907555182,151.77806553433007,300.950341740348,343551408
4608,-1,9.877410277525248,244.86550334554428,152.49433973901492,293.07218539530606,3119743980
4608,14,9.876547602310659,244.8449349624976,152.49433973901492,293.07218539530606,1577683193
4608,15,9.868313045941747,244.87327035702637,152.49433973901492,282.88681164544397,1198509638
4608,16,9.912691966803699,244.9328631962902,152.49433973901492,282.7657331377979,343551149
4646,-1,14.095309052662559,256.37788737528035,153.15769689254168,307.2541284989169,3119734660
4646,14,14.10327745465541,256.340486195403,153.15769689254168,306.23625578762216,1577677718
4646,15,14.07151446616394,256.4032301516585,153.15769689254168,307.2541284989169,1198506531
4646,16,14.141017236130281,256.4612332954125,153.15769689254168,306.3134205339432,343550411
4698,-1,15.429946186405598,259.2069444255649,150.4735377146335,314.67945628682304,3119721523
4698,14,15.438703768553856,259.1553940485923,150.4735377146335,312.7949796313305,1577670688
4698,15,15.40366642552401,259.2403074364737,150.4735377146335,314.67945628682304,1198501437
4698,16,15.4802461635098,259.3272878242984,150.4735377146335,312.56554837217004,343549398
4808,-1,11.88588877480981,250.98116188673328,152.35390378069008,295.1552498112307,3119725681
4808,14,11.88635720596551,250.94644746443265,152.35390378069008,295.10909322288825,1577673883
4808,15,11.87361754825797,251.0053662320773,152.35390378069008,295.10909322288825,1198502421
4808,16,11.925902105616615,251.05614112598698,152.35390378069008,295.1552498112307,343549377
4849,-1,16.147457688952528,260.8244161923348,153.05378843112504,317.188841024707,3119662857
4849,14,16.160328073760702,260.76540215038426,153.05378843112504,316.8348687420611,1577638273
4849,15,16.11582332076412,260.862375002448,153.05378843112504,317.188841024707,1198481013
4849,16,16.19725881780796,260.96300093688507,153.05378843112504,316.19489402269267,343543571
4920,-1,16.460413413641234,261.41706637638623,154.26454192863616,319.65061108715724,3119601953
4920,14,16.472305708451753,261.3546273202677,154.26454192863616,319.65061108715724,1577605238
4920,15,16.42980973830168,261.45683899688055,154.26454192863616,319.51888924761204,1198459365
4920,16,16.51099133811523,261.56505119517317,154.26454192863616,318.07392345378736,343537350
4939,-1,13.96725369055828,256.8067659700314,154.58828128672226,303.86334376447456,3119656098
4939,14,13.977437659371377,256.7617420234137,154.58828128672226,303.6890441201765,1577635011
4939,15,13.939950008981974,256.83718099583564,154.58828128672226,303.86334376447456,1198478137
4939,16,14.014735199503107,256.9074218299604,154.58828128672226,303.43427451164916,343542950
4947,-1,17.42970803217072,263.00806516858535,154.72455929186975,324.06212328278747,3119576282
4947,14,17.441305779838753,262.9377207674437,154.72455929186975,323.57635802655113,1577591626
4947,15,17.398397457490372,263.0497856569389,154.72455929186975,324.06212328278747,1198449525
4947,16,17.483748553160297,263.18555746333124,154.72455929186975,321.5155097180534,343535131
4967,-1,15.632690952727337,260.0237703739676,155.0651681873855,315.81798783288457,3119590394
4967,14,15.64341623399962,259.97096512756406,155.0651681873855,314.08481438545095,1577600067
4967,15,15.603512727636826,260.05712773555433,155.0651681873855,315.81798783288457,1198453900
4967,16,15.683989918170306,260.1498946995744,155.0651681873855,313.9817748947443,343536427
4991,-1,14.58715870158072,258.14612125058443,155.47373693642336,309.14492382550094,3119597475
4991,14,14.596319215780241,258.0961444262361,155.47373693642336,307.6289792511644,1577604702
4991,15,14.559758669545003,258.180145068381,155.47373693642336,309.14492382550094,1198455755
4991,16,14.639529114390932,258.2569321118393,155.47373693642336,308.14294597960674,343537018
4996,-1,13.46268579478924,255.71589619855786,155.55883325189103,302.6689172887045,3119633842
4996,14,13.470725347043752,255.67148576259527,155.55883325189103,301.9063090316931,1577623976
4996,15,13.43897057132249,255.74659272723494,155.55883325189103,302.6689172887045,1198469099
4996,16,13.50753314403942,255.81275261470836,155.55883325189103,301.6375520206086,343540767
5015,-1,17.299395663421986,262.928625478842,155.88212970199135,322.43902301056295,3119487057
5015,14,17.312625420779252,262.85871414355626,155.88212970199135,322.36092323924265,1577543362
5015,15,17.26661539330478,262.9707531426309,155.88212970199135,322.43902301056295,1198417614
5015,16,17.35108604960749,263.10270724990596,155.88212970199135,320.48574143185425,343526081
5028,-1,14.503800128932156,257.9769032387543,150.16500769569103,305.51259695263326,3119576116
5028,14,14.515698740624629,257.9295100475823,150.16500769569103,304.5596157867306,1577591847
5028,15,14.473749223414297,258.00699357687944,150.16500769569103,305.51259695263326,1198449520
5028,16,14.552877863268463,258.0895712026975,150.16500769569103,304.9046950149932,343534749
5056,-1,13.272401386270136,255.1373925890059,150.62662278183416,303.0934569737274,3119591956
5056,14,13.280000261499222,255.09894845224483,150.62662278183416,302.52999611708145,1577600480
5056,15,13.249376936520628,255.1661911115038,150.62662278183416,303.0934569737274,1198455267
5056,16,13.31709066128208,255.2134711709817,150.62662278183416,302.20465345486275,343536209
5128,-1,16.88109800932655,262.2793173872117,151.81260853822678,320.15205506727233,3118819011
5128,14,16.897009098130244,262.213029318685,151.81260853822678,319.60152310820297,1577145186
5128,15,16.847337806369,262.32280551990596,151.81260853822678,320.15205506727233,1198200932
5128,16,16.924119742568738,262.43198849491637,151.81260853822678,318.8472108074796,343472893
5130,-1,17.757873234383926,263.7227580813143,151.8455316448967,323.63890237627066,3118766525
5130,14,17.77385599467224,263.64841642847955,151.8455316448967,323.20841503996076,1577115117
5130,15,17.722191845107137,263.7658286722652,151.8455316448967,323.63890237627066,1198182954
5130,16,17.80680794210933,263.91386412278024,151.8455316448967,321.70513278730976,343468454
5144,-1,18.601435540059885,264.8889814005288,152.0759618460134,326.02823747184857,3118619393
5144,14,18.614316805317955,264.80552815675594,152.0759618460134,325.9431149645832,1577032744
5144,15,18.567806764188408,264.93706598623146,152.0759618460134,326.02823747184857,1198132397
5144,16,18.657068293739112,265.10443017621066,152.0759618460134,324.75648008443164,343454252
5170,-1,16.853708117921098,262.2783700122557,152.50375751744187,319.959098708069,3118587101
5170,14,16.874252700302833,262.2091673423395,152.50375751744187,319.3606784987617,1577000432
5170,15,16.8154832117272,262.32328418331804,152.50375751744187,319.959098708069,1198131189
5170,16,16.890841914923893,262.43943767428715,152.50375751744187,318.8917207032484,343455480
5178,-1,16.386683589548362,261.57445533475203,152.6353488345781,317.19161766101183,3118600738
5178,14,16.410607859541827,261.5097151849169,152.6353488345781,316.25778761258664,1576999791
5178,15,16.345136409487917,261.6185691137317,152.6353488345781,317.19161766101183,1198142242
5178,16,16.42005098653181,261.71782226647514,152.6353488345781,316.90818597437743,343458705
5183,-1,15.30767326046478,259.740959403802,152.71758431723762,313.9961929360551,3118659917
5183,14,15.330305120320027,259.6797317075591,152.71758431723762,310.699191697001,1577028186
5183,15,15.266863496532407,259.7858690427752,152.71758431723762,313.9961929360551,1198166417
5183,16,15.344513055380256,259.86542199079145,152.71758431723762,311.77470636470537,343465314
5188,-1,10.282332085698846,247.21277230560472,152.79981281391176,293.62804539827215,3119045137
5188,14,10.301177988544383,247.16944291196674,152.79981281391176,293.62804539827215,1577265948
5188,15,10.253206779313974,247.24754260519038,152.79981281391176,285.2467816193463,1198283975
5188,16,10.29624870645896,247.29043651531094,152.79981281391176,285.34245619997824,343495214
5191,-1,6.60710798790602,231.35642070472144,152.84914656097828,293.43610342087203,3119188996
5191,14,6.646456268156065,231.2953419307297,152.84914656097828,293.43610342087203,1577353805
5191,15,6.556233140373211,231.4029356060504,152.84914656097828,264.55072676098433,1198328245
5191,16,6.599751383290799,231.47462127375658,152.84914656097828,262.9078206093441,343506946
5368,-1,17.95657861557043,264.3903564769861,155.75543277729022,324.01707887945247,3119316693
5368,14,17.97208906792639,264.3114288972637,155.75543277729022,323.6369745367494,1577417328
5368,15,17.91908363677064,264.43392201671287,155.75543277729022,324.01707887945247,1198362240
5368,16,18.01368121152262,264.60079787873394,155.75543277729022,322.5412796159888,343537125
5371,-1,15.42393673736329,260.17675717925044,155.8046179266981,314.7942468345328,3119329423
5371,14,15.438569757652166,260.1211824052627,155.8046179266981,312.1744543631099,1577425664
5371,15,15.3894266775168,260.2110681973613,155.8046179266981,314.7942468345328,1198365775
5371,16,15.475686500443043,260.3122528947689,155.8046179266981,312.65694118954787,343537984
5379,-1,16.288136060689276,261.86055930184784,155.93576639463612,317.4377666042806,3119329173
5379,14,16.304887821465346,261.7978916199727,155.93576639463612,315.8219882989866,1577425625
5379,15,16.25103675051863,261.89825096569285,155.93576639463612,317.4377666042806,1198365561
5379,16,16.338909229582676,262.01683085664564,155.93576639463612,317.043129448536,343537987
5381,-1,16.507445056515486,262.1959575333693,155.96855080198955,318.3916644786205,3119329226
5381,14,16.524101936772258,262.1312030992447,155.96855080198955,317.4166851472457,1577425644
5381,15,16.470177511482976,262.2345504386737,155.96855080198955,318.3916644786205,1198365590
5381,16,16.55915338379853,262.358667034262,155.96855080198955,318.21234997270915,343537992
5383,-1,15.968939468026903,261.2891091678391,156.00133412617,316.776534752719,3119330433
5383,14,15.983726339423395,261.2274886986328,156.00133412617,314.314752001633,1577426394
5383,15,15.933827329102913,261.3271954664007,156.00133412617,316.776534752719,1198365958
5383,16,16.021860937847915,261.4391956756411,156.00133412617,315.6643866980276,343538081
5397,-1,16.68775581672491,262.4540023173928,156.2307870950776,318.90603972688604,3119330960
5397,14,16.702498195192323,262.3857366574699,156.2307870950776,318.41566147561525,1577426061
5397,15,16.65269351329508,262.49540313089824,156.2307870950776,318.90603972688604,1198366555
5397,16,16.740453206072054,262.62303928748133,156.2307870950776,318.70869829923066,343538344
5399,-1,17.897855897343344,264.31956292143514,156.26356176607734,324.0107404902392,3119327395
5399,14,17.911306502611982,264.23830109732256,156.26356176607734,323.71363327004593,1577423881
5399,15,17.862739717951733,264.366448550526,156.26356176607734,324.0107404902392,1198365551
5399,16,17.956064340374564,264.52914156188757,156.26356176607734,322.57616672080974,343537963
5401,-1,18.58819821753761,265.2624082502112,156.29633535695194,326.0756027944637,3119325034
5401,14,18.60111044348949,265.1766875815484,156.29633535695194,325.92689061092113,1577422266
5401,15,18.55301929459053,265.3097347301614,156.29633535695194,326.0756027944637,1198365005
5401,16,18.64886595172017,265.49092255774275,156.29633535695194,324.3543288624115,343537763
5403,-1,19.018276398062095,265.84319687689185,156.32910786803905,327.1476387498188,3119323224
5403,14,19.03023538968815,265.75371445152854,156.32910786803905,327.1476387498188,1577420953
5403,15,18.983624000548307,265.89187557044716,156.32910786803905,327.0889407292276,1198364567
5403,16,19.081298901821512,266.08426686776795,156.32910786803905,326.0590859788067,343537704
5405,-1,19.41085828360274,266.3291389382572,156.36187929967622,328.3210825213705,3119321691
5405,14,19.420244337981977,266.23532109411775,156.36187929967622,328.3210825213705,1577419619
5405,15,19.37819372969551,266.3798182909379,156.36187929967622,327.87286345523967,1198364483
5405,16,19.478546412738456,266.5831366796334,156.36187929967622,327.3086053839305,343537589
5446,-1,20.602282012133784,267.7645124379863,157.0334563204098,330.7048376907263,3119317957
5446,14,20.603871064573088,267.65574150935964,157.0334563204098,330.6634719266963,1577417901
5446,15,20.575816495401913,267.82354362595373,157.0334563204098,330.7048376907263,1198363262
5446,16,20.683381944695068,268.05803675536015,157.0334563204098,330.1963080277697,343536794
5455,-1,18.627853679242218,265.2833168593091,157.180815252626,325.63631825593075,3119328794
5455,14,18.641683736931483,265.2009164930892,157.180815252626,325.3912155665518,1577423718
5455,15,18.591633967218637,265.32675228590995,157.180815252626,325.63631825593075,1198366788
5455,16,18.68805733718469,265.5101582976817,157.180815252626,324.0901180807494,343538288
5472,-1,20.319742311138267,267.4028668007777,157.45910076832286,329.84699717487825,3119322721
5472,14,20.32319441504378,267.2987594744089,157.45910076832286,329.84699717487825,1577419912
5472,15,20.292121687082627,267.45913637305813,157.45910076832286,329.7690105842567,1198365231
5472,16,20.396578853101673,267.6846102746031,157.45910076832286,329.4532735845397,343537578
5480,-1,18.79739128433787,265.5188511979733,157.59003194756707,326.05886374153977,3119330105
5480,14,18.810541031597886,265.4325424767149,157.59003194756707,326.05886374153977,1577424392
5480,15,18.76196962987936,265.5655976825919,157.59003194756707,326.05612921173065,1198367179
5480,16,18.857779061809453,265.75208858279257,157.59003194756707,324.9050616636704,343538534
5483,-1,17.545642574823486,263.79264698457126,157.63912673892054,322.1736142203116,3119334011
5483,14,17.561580486689067,263.7192219161766,157.63912673892054,321.9348982023577,1577426797
5483,15,17.5083563302955,263.83339147095114,157.63912673892054,322.1736142203116,1198368403
5483,16,17.600315423837394,263.98766356854367,157.63912673892054,321.29622756996656,343538811
5485,-1,15.770482117172303,260.94024616399025,157.67185526712208,315.2926967403928,3119336675
5485,14,15.785242426266153,260.88138361942094,157.67185526712208,312.15279702092676,1577428478
5485,15,15.734895950738789,260.974450808094,157.67185526712208,315.2926967403928,1198369191
5485,16,15.825219519739942,261.0912091158018,157.67185526712208,313.51664096806996,343539006
5492,-1,14.9722179040774,259.54325858803514,157.78639672500515,312.08520790750106,3119336843
5492,14,14.987141603544131,259.4914479437717,157.78639672500515,310.9193698689564,1577428299
5492,15,14.938153190355091,259.5762907938826,157.78639672500515,312.08520790750106,1198369562
5492,16,15.021230101512675,259.6659310898632,157.78639672500515,310.6481160604415,343538982
5497,-1,11.9418510522618,252.4738010052179,157.8682040665676,298.67540765981124,3119345333
5497,14,11.945337978844297,252.43230422255354,157.8682040665676,298.60715529912113,1577434293
5497,15,11.923411151759192,252.50148021243766,157.8682040665676,297.99806649575925,1198371546
5497,16,11.989205436125689,252.56778866672357,157.8682040665676,298.67540765981124,343539494
5502,-1,18.730214124347462,265.41173191180565,157.9500047593726,325.87899598935405,3119329765
5502,14,18.743860373547346,265.32757832172587,157.9500047593726,325.8205645211814,1577424269
5502,15,18.69471017424604,265.4572733956593,157.9500047593726,325.87899598935405,1198366982
5502,16,18.78872833139267,265.6392770095696,157.9500047593726,324.5935367261744,343538514
5507,-1,20.00133299226664,266.80729856736616,158.03179880855043,328.4018431062088,3119334547
5507,14,20.007993718596783,266.7118406803124,158.03179880855043,328.4018431062088,1577428275
5507,15,19.97141695721339,266.8578535972305,158.03179880855043,328.2588096006742,1198367868
5507,16,20.071913242726907,267.06926184631095,158.03179880855043,327.904688455117,343538404
5509,-1,19.74197624552376,266.74836286541495,158.0645145691538,328.13443649647206,3119329861
5509,14,19.750356221873872,266.64958967108646,158.0645145691538,328.13443649647206,1577425587
5509,15,19.70992089902691,266.8018553250301,158.0645145691538,327.95034483360087,1198366228
5509,16,19.811901900885285,267.0153021696805,158.0645145691538,327.504524616602,343538046
5517,-1,20.036666265254933,267.09673843088365,158.19536699650996,328.7365019073626,3119336736
5517,14,20.043449550042077,266.9960537619438,158.19536699650996,328.7365019073626,1577429256
5517,15,20.006746168755,267.15182719009647,158.19536699650996,328.59890850977547,1198368930
5517,16,20.106438377803705,267.3668865262966,158.19536699650996,328.27453255571186,343538550
5528,-1,13.168355402028556,254.96219092179254,158.3752613821781,305.1281308215545,3119343521
5528,14,13.172180681894648,254.91441500989887,158.3752613821781,305.1281308215545,1577432106
5528,15,13.148478310173196,254.9947177847902,158.3752613821781,304.29561037677985,1198371842
5528,16,13.219011969372401,255.06810006137644,158.3752613821781,303.8657427377473,343539573
5558,-1,18.64374089614823,265.09769388393806,158.86571981240326,322.17514862329955,3119338286
5558,14,18.653857703829882,265.00974281229674,158.86571981240326,322.03772744725114,1577430093
5558,15,18.6139693657998,265.15008596059016,158.86571981240326,322.17514862329955,1198369241
5558,16,18.698443715017447,265.31877977112634,158.86571981240326,320.8204022971105,343538952
5697,-1,17.136356550980825,257.69717509964016,161.13509972030502,308.5048630679815,3119346942
5697,14,17.144766888888846,257.67235225055776,161.13509972030502,308.5048630679815,1577434065
5697,15,17.111885460432536,257.70694129602504,161.13509972030502,308.49075913585006,1198372977
5697,16,17.182689806470904,257.777086812653,161.13509972030502,307.7983868833142,343539900
5714,-1,18.534922963749857,263.3387834471697,161.41230560977374,318.77054811368015,3119346009
5714,14,18.54860560489575,263.26816973140626,161.41230560977374,318.77054811368015,1577433786
5714,15,18.50382658652876,263.3776506423921,161.41230560977374,318.1224695231178,1198372440
5714,16,18.57868427428218,263.5274401577828,161.41230560977374,318.012872703026,343539783
5749,-1,15.917501219402004,258.69384986100835,161.98278968384022,308.4743276605389,3119348738
5749,14,15.935600520014802,258.64943817592666,161.98278968384022,308.4743276605389,1577436124
5749,15,15.886743418073216,258.72396511354975,161.98278968384022,306.8020333087121,1198372762
5749,16,15.940828163485987,258.79272426469515,161.98278968384022,306.25947239688105,343539852
5766,-1,19.180531593873948,263.2661636706818,162.2597687147988,319.3722926309407,3119345358
5766,14,19.18598641872586,263.180363164694,162.2597687147988,319.3153708748347,1577433205
5766,15,19.157210590795053,263.31999857610873,162.2597687147988,319.3722926309407,1198372448
5766,16,19.234453824199754,263.4723415846636,162.2597687147988,318.91481086559116,343539705
5785,-1,18.696997288869277,263.37804204518824,162.56924620869074,321.1977542860601,3119336255
5785,14,18.709311352928655,263.2899088034241,162.56924620869074,321.1977542860601,1577428006
5785,15,18.66439527331871,263.43391382775116,162.56924620869074,320.43659183841635,1198369237
5785,16,18.75156133003095,263.587825551169,162.56924620869074,320.3052938474372,343539012
5798,-1,19.8991121533458,264.41631626698694,162.78094099889827,321.92569210883494,3119336060
5798,14,19.90847196256484,264.33415651212204,162.78094099889827,321.76845309463806,1577428101
5798,15,19.870090577195413,264.46289567701746,162.78094099889827,321.92569210883494,1198369173
5798,16,19.955080280923447,264.63108612711574,162.78094099889827,321.4375050526017,343538786
5799,-1,20.01265723656581,264.53653374957526,162.7972234338465,322.56080088490677,3119340604
5799,14,20.01766315307335,264.44846087492465,162.7972234338465,322.03932510231374,1577430540
5799,15,19.98579802389599,264.584947310715,162.7972234338465,322.56080088490677,1198370976
5799,16,20.080703336890746,264.77205697977246,162.7972234338465,321.8677686076723,343539088
5801,-1,18.136929413755297,260.86714890215006,162.82978754162684,314.669903592468,3119346046
5801,14,18.14951077295349,260.7870336569204,162.82978754162684,314.669903592468,1577433472
5801,15,18.1088617385156,260.92411841997233,162.82978754162684,313.8598182350191,1198372724
5801,16,18.17501918123595,261.03628722244974,162.82978754162684,313.6025401972746,343539850
5817,-1,18.916629630366337,261.69266552565347,163.09026385672283,317.0240594735666,3119346176
5817,14,18.915562855824792,261.60287431935103,163.09026385672283,316.60775072679263,1577433664
5817,15,18.8986037169106,261.7512426292124,163.09026385672283,317.0240594735666,1198372717
5817,16,18.98182744670254,261.9006253307372,163.09026385672283,316.6495666269896,343539795
5833,-1,19.639580074892663,263.33537799190293,163.35067530837264,320.6080521782796,3119342734
5833,14,19.63962952964493,263.24510951342944,163.35067530837264,320.2952091159949,1577431845
5833,15,19.615890464030105,263.3851259507472,163.35067530837264,320.6080521782796,1198371515
5833,16,19.719128347935037,263.57632806051237,163.35067530837264,320.5117386958964,343539374
5834,-1,18.40783178051019,260.79086954945893,163.36694887394444,314.69614896466237,3119348160
5834,14,18.410279681801654,260.701576596863,163.36694887394444,314.4339494675478,1577435455
5834,15,18.387919206695667,260.85302763214247,163.36694887394444,314.69614896466237,1198372847
5834,16,18.463556074202774,260.9840503674966,163.36694887394444,314.3446888322239,343539858
5836,-1,20.785549833704888,265.4071075667745,163.39949524692133,325.5674046213663,3119328242
5836,14,20.77911870128544,265.2969366566292,163.39949524692133,325.3257199904812,1577424166
5836,15,20.767354122036686,265.4746974084739,163.39949524692133,325.5674046213663,1198366547
5836,16,20.87484899454143,265.6772057162083,163.39949524692133,325.4570837527094,343537529
5849,-1,19.04022631428566,262.11461157869104,163.6110220503059,318.28493400438305,3119337855
5849,14,19.051107683423616,262.0370609750587,163.6110220503059,318.1821593813684,1577428938
5849,15,19.00627547398131,262.1560086355232,163.6110220503059,318.28493400438305,1198369716
5849,16,19.106399510059234,262.3262950980043,163.6110220503059,318.2356361876119,343539201
5851,-1,16.24184597704753,257.3390982139077,163.64356085077634,306.5486186256625,3119346380
5851,14,16.256225219333697,257.2772133617478,163.64356085077634,306.5486186256625,1577433648
5851,15,16.2155622539153,257.3922117111845,163.64356085077634,305.1561998097089,1198372850
5851,16,16.266239444943295,257.43797894587897,163.64356085077634,304.89910254601546,343539882
5852,-1,18.57599651640445,261.8472349004669,163.65982987284346,316.8235566588404,3119339833
5852,14,18.581331182157594,261.7609293275632,163.65982987284346,316.8235566588404,1577429998
5852,15,18.552150839731855,261.90641700735597,163.65982987284346,316.1277328546456,1198370544
5852,16,18.632320520643066,262.03707899624817,163.65982987284346,316.04535961255885,343539291
5865,-1,21.78897517394152,268.19475170793754,163.87130423559168,330.73778156539237,3119254905
5865,14,21.77524396525111,268.07810523646464,163.87130423559168,330.1681173866443,1577383979
5865,15,21.775537849379017,268.25913764849514,163.87130423559168,330.73778156539237,1198341620
5865,16,21.89462297717195,268.50575842884683,163.87130423559168,330.5245917120987,343529306
5869,-1,21.258307529804473,267.46712860462856,163.9363647128122,328.3323572204641,3119282401
5869,14,21.250264682514526,267.3609126931748,163.9363647128122,327.8070704136687,1577399304
5869,15,21.24350254172137,267.52855441857247,163.9363647128122,328.3323572204641,1198350237
5869,16,21.343400460191877,267.7405675592114,163.9363647128122,327.98062529487856,343532860
5881,-1,13.820749205640604,255.18765897651974,164.13152201664275,301.1388914406033,3119335175
5881,14,13.8340964412625,255.13464919002354,164.13152201664275,301.1388914406033,1577428414
5881,15,13.791090892292207,255.2307417874204,164.13152201664275,301.1259506041118,1198367886
5881,16,13.861703852976001,255.28077823825453,164.13152201664275,299.895464652931,343538875
5884,-1,17.462188384324598,259.773575330063,164.18030569291727,312.7120745756746,3119345512
5884,14,17.474512186549227,259.70308218949816,164.18030569291727,312.7120745756746,1577433225
5884,15,17.43595539094642,259.82570436278996,164.18030569291727,311.63986870997934,1198372492
5884,16,17.495488586184486,259.91541689810316,164.18030569291727,311.35236513735856,343539795
5897,-1,20.465353788446514,263.7099196152621,164.39167554521973,323.28540624082024,3119318216
5897,14,20.458994603210332,263.5945730740495,164.39167554521973,323.00934425934133,1577419176
5897,15,20.444409929827852,263.78185854481154,164.39167554521973,323.28540624082024,1198362397
5897,16,20.563503491957196,263.9886116846305,164.39167554521973,323.236370787569,343536643
5900,-1,18.159917730498815,259.12001721727285,164.4404471909979,312.29442353705423,3119346297
5900,14,18.160236903020692,259.04010650848153,164.4404471909979,312.09250115557836,1577433653
5900,15,18.14521894571477,259.18127175716177,164.4404471909979,312.29442353705423,1198372789
5900,16,18.20782778417689,259.2732689192535,164.4404471909979,311.9787823596028,343539855
5916,-1,17.86103673914344,259.06081912619015,164.70052461597842,311.6365467098405,3119346045
5916,14,17.863693320962327,258.973558286006,164.70052461597842,311.6365467098405,1577433459
5916,15,17.842003730964407,259.12633714382616,164.70052461597842,311.591080936947,1198372734
5916,16,17.912892580011558,259.23294810249945,164.70052461597842,311.3172022817111,343539852
5932,-1,18.721442142191798,260.6496379244295,164.9605381182066,315.60995260161695,3119347230
5932,14,18.715906883013574,260.54969689568446,164.9605381182066,315.16341447600144,1577435126
5932,15,18.71058368247557,260.7266644347489,164.9605381182066,315.60995260161695,1198372429
5932,16,18.781879945357662,260.8398460656061,164.9605381182066,315.2475129549295,343539675
5948,-1,19.644350450769394,263.6420535902652,165.22048784739073,320.9712496774322,3119336753
5948,14,19.633870646672545,263.53471808942834,165.22048784739073,320.4957707500351,1577429898
5948,15,19.6365891516438,263.7182906605041,165.22048784739073,320.9712496774322,1198368515
5948,16,19.716221814487493,263.86896894267335,165.22048784739073,320.4291930359479,343538340
5963,-1,18.934627781976015,263.6479512841221,165.4641329321993,319.5814563677212,3119284249
5963,14,18.93529189998818,263.5587844760412,165.4641329321993,319.5814563677212,1577400707
5963,15,18.913999216701203,263.70215040062504,165.4641329321993,319.0155245771769,1198350153
5963,16,19.000865093419478,263.86831491973345,165.4641329321993,318.5914856870505,343533389
5968,-1,18.637877337017674,265.01254834303774,165.5453355550702,324.4024688776586,3119086369
5968,14,18.650378918725526,264.928699701833,165.5453355550702,324.4024688776586,1577293618
5968,15,18.602193313767938,265.0574792153536,165.5453355550702,323.5207260490439,1198277994
5968,16,18.702248360266662,265.24081874337713,165.5453355550702,323.0075288944653,343514757
5978,-1,16.801771638544896,261.59700956050517,165.70772221983506,312.5453273331651,3119236873
5978,14,16.80918674732363,261.5197065124336,165.70772221983506,312.5453273331651,1577374401
5978,15,16.77266625926646,261.6428555581139,165.70772221983506,311.79168711430606,1198333227
5978,16,16.866864034770288,261.79203536358585,165.70772221983506,311.79693358274653,343529245
5988,-1,22.208905739768174,269.35744849524815,165.87008414001858,333.0890966596843,3118992096
5988,14,22.189949433068836,269.22952008058854,165.87008414001858,332.83842712384956,1577242154
5988,15,22.198789145700108,269.42797234217227,165.87008414001858,333.0890966596843,1198246123
5988,16,22.32617477004401,269.6988396404212,165.87008414001858,332.7448812199084,343503819
5992,-1,22.40142920822682,269.52747477715315,165.9350219876724,333.92560268829016,3118962541
5992,14,22.379881835025817,269.3974740528874,165.9350219876724,333.29664933473964,1577227091
5992,15,22.3938452070495,269.5994024785943,165.9350219876724,333.92560268829016,1198235386
5992,16,22.52164060763899,269.87348445667715,165.9350219876724,333.2038029747559,343500064
5994,-1,22.46162559929437,269.56324576579595,165.9674894297022,334.20168370863166,3118954753
5994,14,22.438309293215667,269.4324429147811,165.9674894297022,333.79800528388813,1577223353
5994,15,22.45504978645851,269.63527886285533,165.9674894297022,334.20168370863166,1198232827
5994,16,22.586351059587624,269.91257149569543,165.9674894297022,333.2915868896294,343498573
5997,-1,22.28632559721397,269.36925138285056,166.016188741308,333.3672000672875,3118986467
5997,14,22.26635487114714,269.2386413526869,166.016188741308,332.7382779779079,1577240061
5997,15,22.276820743161874,269.44199486642907,166.016188741308,333.3672000672875,1198243621
5997,16,22.405953828695612,269.7152135175541,166.016188741308,332.848560185446,343502785
6003,-1,17.33056736155806,262.9371877449558,166.11358070288907,317.09643882271433,3119093073
6003,14,17.336884788424115,262.8537447727777,166.11358070288907,317.09643882271433,1577298211
6003,15,17.30276921367857,262.98911659104203,166.11358070288907,316.42665042685314,1198279446
6003,16,17.395950533349136,263.13918503120686,166.11358070288907,316.14509392930614,343515416
6008,-1,21.41916436852552,267.9597285047298,166.19473389047573,329.63143400644054,3119127473
6008,14,21.405739336809006,267.8451409163799,166.19473389047573,329.067540341906,1577313776
6008,15,21.40495607782109,268.0206648656427,166.19473389047573,329.63143400644054,1198295553
6008,16,21.52606249232256,268.2733096451924,166.19473389047573,329.2127200863315,343518144
6023,-1,21.60912278712503,267.8780489525247,166.43815651572135,329.46569446601825,3119147746
6023,14,21.59180138466687,267.7590563738547,166.43815651572135,329.4088848476589,1577328197
6023,15,21.5981517777484,267.9424235135924,166.43815651572135,329.46569446601825,1198300525
6023,16,21.72235390690104,268.1998660034656,166.43815651572135,329.0450037054787,343519024
6026,-1,20.615457429351988,267.01712646583803,166.48683439940356,326.47675317920687,3119137814
6026,14,20.611696543802704,266.91381989237516,166.48683439940356,326.4691441915563,1577320989
6026,15,20.59682924131796,267.07644907251483,166.48683439940356,326.3548425444449,1198297744
6026,16,20.69430450163284,267.2845395032978,166.48683439940356,326.47675317920687,343519081
6039,-1,19.422589468350147,263.58110817399165,166.69774635205172,319.58408526543167,3119262909
6039,14,19.413493219502048,263.48183258504923,166.69774635205172,319.09854340045695,1577389909
6039,15,19.410723443785336,263.6433533173916,166.69774635205172,319.58408526543167,1198342134
6039,16,19.502582049096368,263.8198213213419,166.69774635205172,318.75477943819504,343530866
6053,-1,20.658780315464035,266.10420091724376,166.9248359480836,325.06580597683967,3119213860
6053,14,20.646732120695145,266.00006510310953,166.9248359480836,324.7809445833052,1577362302
6053,15,20.644924618683355,266.1586600797846,166.9248359480836,325.06580597683967,1198325346
6053,16,20.758695123879527,266.3923888611343,166.9248359480836,324.4901271182583,343526212
6056,-1,21.639063628616885,267.9049185996754,166.9734917594339,329.20659350229334,3119105295
6056,14,21.62125836570573,267.7869135795813,166.9734917594339,328.81496858125246,1577305033
6056,15,21.630916134092477,267.9734830525549,166.9734917594339,329.20659350229334,1198285575
6056,16,21.744969274556773,268.20758431152103,166.9734917594339,328.9214512767149,343514687
6067,-1,18.375200743920143,263.7903377405827,167.15187756915728,317.9642306217874,3119140946
6067,14,18.376251958510295,263.7069809824758,167.15187756915728,317.9642306217874,1577320982
6067,15,18.34740475454435,263.82953934414866,167.15187756915728,316.73644415069003,1198299576
6067,16,18.464383948483743,264.03633507166927,167.15187756915728,316.4149159763059,343520388
6071,-1,20.734933200157997,267.0133919625362,167.2167378055717,325.85760225875,3119098830
6071,14,20.729416127779718,266.91184057903416,167.2167378055717,325.75023008575914,1577298663
6071,15,20.715637430487654,267.0681199436656,167.2167378055717,325.85760225875,1198284797
6071,16,20.824126084918085,267.2887716454477,167.2167378055717,325.65855599621045,343515370
6082,-1,20.38070932938095,265.6691956570601,167.3950833212796,323.3466210729559,3119183003
6082,14,20.37328700332849,265.57037657572135,167.3950833212796,322.84307599932674,1577348834
6082,15,20.363876130369693,265.72161954409387,167.3950833212796,323.3466210729559,1198311429
6082,16,20.470147625444902,265.94007152321495,167.3950833212796,322.770032990042,343522740
6085,-1,21.012279581299413,266.77008567375,167.44371788667766,325.8881365713412,3119140286
6085,14,20.998789522679168,266.665343138977,167.44371788667766,325.50195387355075,1577322556
6085,15,21.002158566938828,266.8298376501119,167.44371788667766,325.8881365713412,1198299078
6085,16,21.106026958333985,267.04259496528846,167.44371788667766,325.55041724078455,343518652
6098,-1,18.833216606473083,261.7709356215059,167.654442343189,315.152321088081,3119257192
6098,14,18.82377966710959,261.67858445539986,167.654442343189,314.9108385043329,1577387389
6098,15,18.82763655922585,261.8399425213515,167.654442343189,315.152321088081,1198339606
6098,16,18.893529796474336,261.95426699718337,167.654442343189,314.7525584238638,343530197
6112,-1,18.16056012845854,260.8200215412498,167.88133041259255,312.13588240889027,3119259090
6112,14,18.156729560603434,260.737887346808,167.88133041259255,311.8438511227179,1577387885
6112,15,18.150586939029623,260.8803027204922,167.88133041259255,312.13588240889027,1198340772
6112,16,18.210889026133884,260.98687746689694,167.88133041259255,311.3463743043303,343530433
6126,-1,18.09986617639864,260.5830215656997,168.1081709124043,311.2703853557241,3119255542
6126,14,18.096419205789125,260.5075122232691,168.1081709124043,311.1996376692301,1577385025
6126,15,18.089391753941737,260.63572989917844,168.1081709124043,311.2703853557241,1198340165
6126,16,18.150425373194828,260.7458741131797,168.1081709124043,310.3946162806305,343530352
6135,-1,20.702838409338163,266.5059791430465,168.25397187267734,324.2768898423803,3119061808
6135,14,20.69340049464138,266.4042738216205,168.25397187267734,323.9708112451865,1577282513
6135,15,20.688160888345447,266.5620368183808,168.25397187267734,324.2768898423803,1198268648
6135,16,20.79395372953699,266.77742886649975,168.25397187267734,323.86250855466676,343510647
6140,-1,18.528381473238976,261.561401594126,168.33496393790062,313.59810575067064,3119244039
6140,14,18.521806518581787,261.4769522785837,168.33496393790062,313.5812935851105,1577379834
6140,15,18.518882800243542,261.61838318783003,168.33496393790062,313.59810575067064,1198335350
6140,16,18.58943828947974,261.7503976227027,168.33496393790062,312.90287336824167,343528855
6149,-1,20.601844613811043,266.43062393276614,168.4807344291216,324.14330218422236,3119055854
6149,14,20.592919566471352,266.33112880092136,168.4807344291216,323.76327939712695,1577279091
6149,15,20.585074914894925,266.4818684958125,168.4807344291216,324.14330218422236,1198266721
6149,16,20.69786431096308,266.7087145994269,168.4807344291216,323.7061984557009,343510042
6154,-1,17.352627264967268,259.2080695723295,168.56170958401185,307.57747125844605,3119245200
6154,14,17.352923531412628,259.14333264358936,168.56170958401185,307.57747125844605,1577380856
6154,15,17.338390352438395,259.2516043785432,168.56170958401185,307.1580492484343,1198335575
6154,16,17.399491974276348,259.3534590987432,168.56170958401185,306.5165317252186,343528769
6158,-1,19.634765405517353,264.2647882476239,168.62648536523847,318.99506929188107,3119132282
6158,14,19.62791071984052,264.18263767321383,168.62648536523847,318.7765171611003,1577319498
6158,15,19.617906370083816,264.3047215615019,168.62648536523847,318.99506929188107,1198294871
6158,16,19.722450643115472,264.5026967073991,168.62648536523847,318.5467628714778,343517913
6161,-1,17.168764299834738,259.86600205069027,168.67506466936962,308.499057697617,3119197584
6161,14,17.172136517883995,259.8074327521084,168.67506466936962,308.499057697617,1577354916
6161,15,17.145864898014835,259.8977921813428,168.67506466936962,307.7449587060444,1198318312
6161,16,17.231701382684317,260.0240399725866,168.67506466936962,307.4189833493503,343524356
6168,-1,14.856568510009055,255.48533301709386,168.78840794532402,298.2280114787262,3119250221
6168,14,14.870470926603181,255.45506360274044,168.78840794532402,297.16365168591824,1577383635
6168,15,14.829813536827633,255.50274386956173,168.78840794532402,298.2280114787262,1198337138
6168,16,14.885537021997692,255.5635865929727,168.78840794532402,297.932213409781,343529448
6174,-1,16.503524021096112,256.70798690493024,168.88554993431478,302.514942472248,3119241290
6174,14,16.500822003807492,256.6633788699689,168.88554993431478,302.41457376889616,1577379139
6174,15,16.48652978668084,256.72915659392993,168.88554993431478,302.39137178024487,1198333716
6174,16,16.574185279923334,256.83896712988394,168.88554993431478,302.514942472248,343528435
6182,-1,15.023676584850204,252.64845920867376,169.0150591160807,294.430033859726,3119272412
6182,14,15.021873384266677,252.60953423624645,169.0150591160807,294.430033859726,1577397136
6182,15,15.010727168841381,252.67638695871378,169.0150591160807,294.2142061778253,1198343940
6182,16,15.076473086196458,252.72977083029366,169.0150591160807,293.6885203696704,343531336
6187,-1,16.509496183289663,255.93618755955163,169.09599454418375,301.99958087371135,3119248806
6187,14,16.49741638764139,255.8816418685946,169.09599454418375,301.9521708490017,1577381765
6187,15,16.501282685780893,255.97208627983602,169.09599454418375,301.99958087371135,1198337382
6187,16,16.592353879390032,256.06141866744906,169.09599454418375,301.8967802305562,343529659
6205,-1,17.006258974320662,257.64318998530223,169.38731241144657,305.2092125812284,3119207622
6205,14,17.00500836637296,257.6108580274195,169.38731241144657,305.1652594830687,1577360011
6205,15,16.987130358953593,257.6498168270213,169.38731241144657,305.02572523635916,1198322484
6205,16,17.07793163296738,257.7685317452708,169.38731241144657,305.2092125812284,343525127
6209,-1,15.984931533747437,255.1230678829308,169.45203917005674,300.11934694009983,3119232498
6209,14,15.98589190351817,255.1015768464609,169.45203917005674,300.11934694009983,1577373264
6209,15,15.967707786718416,255.13073557872656,169.45203917005674,299.6765060626732,1198331582
6209,16,16.04024082186171,255.1950007947829,169.45203917005674,299.5992894395631,343527652
6213,-1,15.39559489307785,253.3159524567992,169.51676209874987,296.6741854880171,3119231075
6213,14,15.394648985626224,253.30170630258715,169.51676209874987,296.4956170520154,1577373120
6213,15,15.379491674866758,253.31982677194068,169.51676209874987,296.6741854880171,1198330630
6213,16,15.455844423919572,253.36785164768068,169.51676209874987,296.04984796114996,343527325
6317,-1,16.17652745365248,257.3901449241473,171.19822100710624,301.94545816716084,3119118037
6317,14,16.190781558956214,257.37166256404146,171.19822100710624,301.15311443387816,1577310769
6317,15,16.145127438811556,257.38629007157783,171.19822100710624,301.94545816716084,1198291279
6317,16,16.220067875176362,257.4884566852554,171.19822100710624,300.59663064740647,343515989
6339,-1,10.976268375463283,238.8687817835697,171.5535862203773,293.1919252059462,3119019836
6339,14,10.978350258526175,238.8925890575248,171.5535862203773,293.1919252059462,1577260679
6339,15,10.954217278423819,238.8681917479968,171.5535862203773,272.40627759423097,1198255847
6339,16,11.042708794581685,238.76152440806305,171.5535862203773,271.6438158940641,343503310
6342,-1,11.60731556880897,240.06925532141577,171.60203629157138,293.22911440835395,3119021838
6342,14,11.602349826816594,240.06336161219292,171.60203629157138,293.22911440835395,1577261867
6342,15,11.589033914446816,240.0898714988144,171.60203629157138,276.18520177108695,1198256206
6342,16,11.693357832430882,240.02440125788166,171.60203629157138,275.18841874901193,343503765
6366,-1,10.334883361433858,236.22422446268612,171.98956081671386,293.1871861039495,3118775035
6366,14,10.333045185566474,236.24539702488192,171.98956081671386,293.1871861039495,1577132921
6366,15,10.31752054539422,236.23472206749852,171.98956081671386,268.30207626117294,1198167508
6366,16,10.40263321407859,236.09038681339294,171.98956081671386,267.3637766136632,343474606
6381,-1,10.331912502656905,239.189265412029,172.2316951274854,293.15561777147747,3119180097
6381,14,10.352609337003525,239.2374940438978,172.2316951274854,293.15561777147747,1577346939
6381,15,10.298063787159226,239.16882022646874,172.2316951274854,271.73932323381496,1198312342
6381,16,10.3529657757383,239.03913312234818,172.2316951274854,270.72793089211757,343520816
6391,-1,10.03697084838094,238.1933210632055,172.39308878684594,293.1196311760514,3119085724
6391,14,10.056110534182444,238.2343427593949,172.39308878684594,293.1196311760514,1577296477
6391,15,9.99982140433512,238.17277139647217,172.39308878684594,268.7007821082253,1198278671
6391,16,10.077136346707913,238.0766459086757,172.39308878684594,269.0806049619567,343510576
6489,-1,8.285448752248026,224.5168757267786,154.943965800263,293.179109848789,3110373630
6489,14,8.334074763674572,224.4898639057783,154.943965800263,293.179109848789,1572695354
6489,15,8.23891104143772,224.57619231585812,154.943965800263,263.14014046433164,1195175199
6489,16,8.221850351670321,224.4339207033795,154.943965800263,263.3500066876337,342503077
6962,-1,8.439546521891872,230.4716865922068,181.57093158515116,293.7181326143418,3101399237
6962,14,8.498849336724891,230.51891891994018,181.57093158515116,293.7181326143418,1567895557
6962,15,8.352154655358346,230.48196707324357,181.57093158515116,264.40970822920286,1192129907
6962,16,8.465367814989023,230.21885221379597,181.57093158515116,264.62718717411303,341373773
6966,-1,9.06700245382062,235.27742668975372,181.63496986300072,293.60590338019205,3111430568
6966,14,9.110355299410008,235.34757433828707,181.63496986300072,293.60590338019205,1573207910
6966,15,8.997995084406236,235.2514051907767,181.63496986300072,268.74521043811114,1195640646
6966,16,9.102967969410916,235.04611135235126,181.63496986300072,264.49493528631143,342582012
6970,-1,9.193966566481569,238.43182841459503,181.69900468520447,293.62292931067054,3115115429
6970,14,9.2336697526527,238.48393019955893,181.69900468520447,293.62292931067054,1575158955
6970,15,9.136355282039666,238.4245553935432,181.69900468520447,271.3223170855015,1196924685
6970,16,9.208464568875065,238.2179609624275,181.69900468520447,266.3701031488864,343031789
6975,-1,11.17172582492799,245.59340687257705,181.77904335619934,293.64390060549397,3116133558
6975,14,11.212771996028916,245.66610052095436,181.77904335619934,293.64390060549397,1575703751
6975,15,11.118964181005365,245.5474972917363,181.77904335619934,279.6145203301041,1197257858
6975,16,11.16378580831432,245.41979697183626,181.77904335619934,278.6206057575006,343171949
6977,-1,12.396202490802285,248.9006970196156,181.81105731432655,293.8015983386648,3115832501
6977,14,12.439674207428542,248.97840949234114,181.81105731432655,293.8015983386648,1575536472
6977,15,12.34147274134735,248.843734425108,181.81105731432655,285.73903143206,1197153886
6977,16,12.384182888116063,248.7426113841329,181.81105731432655,285.3689353714283,343142143
6982,-1,14.217592460707648,253.36230270493428,181.89108843593294,295.06775686097393,3115390936
6982,14,14.254874758979648,253.40580162368298,181.89108843593294,295.06775686097393,1575299590
6982,15,14.169730667888253,253.32602508326497,181.89108843593294,294.61587379249363,1196992276
6982,16,14.212231985925772,253.2891465872553,181.89108843593294,293.7664563801393,343099070
6985,-1,15.046362503733727,255.27878430568705,181.9391045223307,298.65986804535794,3115103108
6985,14,15.07514545449078,255.3041292284694,181.9391045223307,298.65986804535794,1575154532
6985,15,15.007604021500203,255.25760343056962,181.9391045223307,297.6839046930346,1196882728
6985,16,15.048917532098251,255.2363109832134,181.9391045223307,297.4350689269083,343065848
6987,-1,15.795245664960415,256.6976880034219,181.9711141693272,301.8154493171766,3114771644
6987,14,15.821343978480064,256.70762055984795,181.9711141693272,301.8154493171766,1574975416
6987,15,15.757767282461444,256.6841517402105,181.9711141693272,300.34446089525824,1196765191
6987,16,15.805881244714561,256.69930942066526,181.9711141693272,300.5415351336972,343031037
6989,-1,16.3906671974328,257.8000298564155,182.00312295477008,303.915617248889,3114540601
6989,14,16.41119512718976,257.8018260476838,182.00312295477008,303.915617248889,1574863829
6989,15,16.356809624855558,257.7898952504953,182.00312295477008,302.5374064836594,1196675301
6989,16,16.414306436010506,257.82714074869386,182.00312295477008,301.99239228924597,343001471
6991,-1,16.87425536660206,258.6823502121382,182.0351308788834,305.6751690873995,3114348594
6991,14,16.890777373806493,258.67202988905456,182.0351308788834,305.6751690873995,1574761443
6991,15,16.843702529463105,258.68086710920846,182.0351308788834,304.2878409478177,1196605394
6991,16,16.904732417608102,258.7349090887229,182.0351308788834,304.0847682241474,342981757
6993,-1,17.25159053516344,259.3746703537128,182.06713794189088,307.59599987779626,3114163652
6993,14,17.262882420484576,259.35455494278574,182.06713794189088,307.59599987779626,1574666025
6993,15,17.22479334460329,259.3791440777305,182.06713794189088,306.6910774790737,1196538739
6993,16,17.29287115578425,259.4514202820339,182.06713794189088,306.72875470869747,342958888
6995,-1,17.531147969452334,259.9178691849088,182.09914414401638,309.2549151202275,3113975496
6995,14,17.538898418611527,259.8879735436865,182.09914414401638,309.2549151202275,1574567397
6995,15,17.50654213586439,259.9288832447667,182.09914414401638,308.8089498406807,1196465263
6995,16,17.580861996821337,260.01670420462165,182.09914414401638,308.14079578753535,342942836
6997,-1,17.770689631777955,260.3905102241043,182.13114948548346,310.41470369576365,3113884071
6997,14,17.773020385812984,260.3556522914834,182.13114948548346,310.41470369576365,1574524089
6997,15,17.750618377106576,260.40397433883754,182.13114948548346,310.0174381977168,1196427789
6997,16,17.829341724516073,260.5035815961559,182.13114948548346,309.91453018195847,342932193
6999,-1,17.94857919784382,260.76330191032497,182.1631539665157,311.7575943229878,3113767917
6999,14,17.95069170346232,260.72019395787896,182.1631539665157,311.7575943229878,1574448307
6999,15,17.927677362139278,260.78304537010445,182.1631539665157,311.38611556267136,1196400156
6999,16,18.010913054173965,260.89234143803475,182.1631539665157,311.1657077265753,342919454
7000,-1,18.012423997145767,260.9241379944615,182.17915588443856,312.0087768141904,3113787654
7000,14,18.0133267944301,260.8875341392004,182.17915588443856,312.0087768141904,1574465873
7000,15,17.992755822371358,260.93609091587666,182.17915588443856,311.694257392981,1196399830
7000,16,18.076120084407947,261.0504963324253,182.17915588443856,311.4646936944598,342921951
7004,-1,18.226958659500077,261.45149726134304,182.2431614061596,313.2297530122074,3113649447
7004,14,18.223704701814775,261.4083250312947,182.2431614061596,313.2297530122074,1574386952
7004,15,18.211134122148614,261.46655239343653,182.2431614061596,312.8725236264991,1196355185
7004,16,18.29611290706776,261.5971882655273,182.2431614061596,313.0095449534986,342907310
7008,-1,18.397631061313692,261.9370072832939,182.3071634892671,314.476573833721,3113520465
7008,14,18.39265231472492,261.8879955173511,182.3071634892671,314.476573833721,1574329334
7008,15,18.383191382032518,261.95576534939704,182.3071634892671,314.2023783320292,1196303042
7008,16,18.469679805192083,262.09659383951765,182.3071634892671,313.8127957240109,342888089
7013,-1,18.595642988049207,262.4330317677945,182.38716126031883,315.1179540911883,3113252723
7013,14,18.58856226610792,262.36501360916265,182.38716126031883,315.1179540911883,1574179813
7013,15,18.58190093158318,262.468483586839,182.38716126031883,314.7773651458498,1196212577
7013,16,18.67426216610013,262.6216359724609,182.38716126031883,314.7471540757672,342860333
7016,-1,18.68810378761696,262.68958280709643,182.43515734677578,315.6353378793441,3113201296
7016,14,18.680353519369525,262.6280594978602,182.43515734677578,315.6353378793441,1574162653
7016,15,18.67509177109891,262.7166795284412,182.43515734677578,315.2890672104566,1196185690
7016,16,18.767415948623103,262.8775204777691,182.43515734677578,315.5367492806033,342852953
7021,-1,18.846501153152843,263.10100266624715,182.51514653299148,316.51457087555974,3112969459
7021,14,18.836971458857004,263.02259615508996,182.51514653299148,316.51457087555974,1574028025
7021,15,18.834522223688623,263.14297930333345,182.51514653299148,316.27278666592156,1196111931
7021,16,18.929718815541012,263.3145353080448,182.51514653299148,315.87265814386546,342829503
7024,-1,18.922900999804018,263.33545192994444,182.56313747121632,316.95072175375026,3112898704
7024,14,18.911307702702093,263.26543813540746,182.56313747121632,316.95072175375026,1574007718
7024,15,18.91286007317223,263.3677439385687,182.56313747121632,316.7401850742967,1196073935
7024,16,19.009098067881023,263.54424732951577,182.56313747121632,316.7401850742967,342817051
7027,-1,19.018346340668046,263.5753370591983,182.6111264802291,317.43991393551204,3112660230
7027,14,19.005649281384418,263.49159176895785,182.6111264802291,317.34547023333766,1573863959
7027,15,19.008852592580713,263.6203216080811,182.6111264802291,317.43991393551204,1196001827
7027,16,19.10713708668427,263.80288477112964,182.6111264802291,317.1177809615521,342794444
7029,-1,19.074149039512736,263.7341092335994,182.6431180814898,317.7415712033261,3112577976
7029,14,19.059562168055102,263.6508336025855,182.6431180814898,317.7415712033261,1573828076
7029,15,19.066882491766762,263.77778216559375,182.6431180814898,317.60080466869135,1195965261
7029,16,19.16383783962413,263.9640793304363,182.6431180814898,317.45947955286357,342784639
7032,-1,19.1322289706272,263.9280424536138,182.6911038768137,318.1305021494445,3112451740
7032,14,19.119706625556905,263.8483322229965,182.6911038768137,318.1305021494445,1573770103
7032,15,19.12324743880285,263.96700341998576,182.6911038768137,317.9069681865679,1195918481
7032,16,19.218556585014344,264.15808887705964,182.6911038768137,317.99095685455205,342763156
7038,-1,19.278969087966694,264.3070045379849,182.7870696865631,318.726496245691,3112278075
7038,14,19.263678046568103,264.2212500430166,182.7870696865631,318.726496245691,1573673490
7038,15,19.271135756094136,264.3503916228927,182.7870696865631,318.58866352334746,1195851330
7038,16,19.373669395622134,264.5493510977227,182.7870696865631,318.7173243862062,342753255
7043,-1,19.35258476863059,264.53782658191085,182.86703531028786,319.3926482761739,3112074600
7043,14,19.33506295455814,264.4454281507146,182.86703531028786,319.0385278528446,1573564755
7043,15,19.34728933107729,264.5862601902035,182.86703531028786,319.3926482761739,1195783144
7043,16,19.44832560269842,264.79307025593164,182.86703531028786,319.0567713184985,342726701
7046,-1,19.415200267015884,264.6878756702938,182.91501211833335,319.6089616483188,3111986858
7046,14,19.398053654741467,264.59480086470853,182.91501211833335,319.6089616483188,1573510068
7046,15,19.40901878955053,264.73645180934363,182.91501211833335,319.5458985161807,1195756711
7046,16,19.51226246507983,264.9457213724193,182.91501211833335,319.41039701615455,342720079
7049,-1,19.37193060730665,264.66738296830505,182.96298700264848,319.36453220394736,3111919737
7049,14,19.35341726169516,264.57571830001643,182.96298700264848,319.36453220394736,1573485844
7049,15,19.367499579407777,264.71444776594313,182.96298700264848,319.36453220394736,1195723871
7049,16,19.4692090194493,264.92403305228623,182.96298700264848,319.24628163690085,342710022
7069,-1,19.7762816963468,265.7190768232214,183.2827704577201,321.40983843194454,3111126165
7069,14,19.752280073701936,265.6191480500708,183.2827704577201,321.3924227037276,1573071349
7069,15,19.776372262384335,265.7688692194241,183.2827704577201,321.40983843194454,1195435934
7069,16,19.882380718335167,266.00415005022285,183.2827704577201,321.2265451844804,342618882
7072,-1,19.78830974473493,265.76316484960375,183.33073061815782,321.40355817350337,3110938056
7072,14,19.7659156331241,265.6528275838754,183.33073061815782,321.36863446965094,1572953552
7072,15,19.786345489362816,265.82367583895604,183.33073061815782,321.40355817350337,1195381843
7072,16,19.893698983495103,266.05861397360115,183.33073061815782,321.3598993631638,342602661
7076,-1,19.84613793572822,265.90303173626205,183.39467451642082,321.803973238139,3110846195
7076,14,19.82291807144264,265.7901650664529,183.39467451642082,321.6130533969452,1572913192
7076,15,19.844495003057144,265.9649426535262,183.39467451642082,321.803973238139,1195342524
7076,16,19.954011404965584,266.2052138695091,183.39467451642082,321.760670529615,342590479
7081,-1,19.899163728167395,266.07061794825546,183.474599598703,322.1573058322223,3110803439
7081,14,19.87518844720602,265.96504816053204,183.474599598703,322.10565472813227,1572913320
7081,15,19.898520665260577,266.124136970285,183.474599598703,322.1573058322223,1195311498
7081,16,20.007359078234124,266.3685939941867,183.474599598703,321.6723561850675,342578621
7084,-1,19.90875757984939,266.1156445833035,183.5225520944296,322.12613337970754,3110576231
7084,14,19.88461984989783,266.0010894614285,183.5225520944296,322.12613337970754,1572773527
7084,15,19.9082136465307,266.17799638508234,183.5225520944296,321.99647994976436,1195244463
7084,16,20.016874794139703,266.424040659033,183.5225520944296,321.7880766029651,342558241
7089,-1,19.99186090327545,266.35193647084736,183.60246866694226,322.59860787402084,3110477232
7089,14,19.966149610185646,266.2434512888929,183.60246866694226,322.59860787402084,1572736459
7089,15,19.9927654229041,266.40722828953153,183.60246866694226,322.4787440061754,1195196502
7089,16,20.102425010332198,266.65710582117777,183.60246866694226,322.5215986210565,342544271
7099,-1,20.012034483999184,266.53928623159084,183.76228587290234,322.8565031177177,3110021633
7099,14,19.988486426857065,266.42707572400366,183.76228587290234,322.8565031177177,1572507599
7099,15,20.00967023093697,266.59863432655817,183.76228587290234,322.71090397730364,1195015294
7099,16,20.123899179874883,266.8474041379887,183.76228587290234,322.54748859154444,342498740
7209,-1,20.712386273585107,268.8091562709571,185.518879963874,326.70276042044935,3104421375
7209,14,20.68343180205182,268.68700903726153,185.518879963874,326.70276042044935,1569612741
7209,15,20.719731744896393,268.87143992187634,185.518879963874,326.60282052546876,1192945382
7209,16,20.814516272682084,269.1526353078561,185.518879963874,326.65282402528084,341863252
7222,-1,20.586388900155075,268.6445028768003,185.72630939521238,326.4371488458846,3102748989
7222,14,20.56093994833325,268.5127644277469,185.72630939521238,326.4371488458846,1568776864
7222,15,20.588679719948477,268.71880700791587,185.72630939521238,326.3863983484644,1192288597
7222,16,20.68960424425305,268.9900748844011,185.72630939521238,326.4202390560681,341683528
7231,-1,20.674150731859974,268.79716280406126,185.8698936929909,326.653622166716,3102945568
7231,14,20.6508691542729,268.6690304674726,185.8698936929909,326.653622166716,1568897718
7231,15,20.673801475325345,268.8668590861364,185.8698936929909,326.5859131113379,1192346005
7231,16,20.776836359884975,269.1422719941513,185.8698936929909,326.5520101586734,341701845
7235,-1,20.75030797680344,268.85664648206995,185.93370350785338,326.99428468429034,3103122129
7235,14,20.723961472620353,268.72611927830684,185.93370350785338,326.8174216318592,1568962484
7235,15,20.75051482931918,268.93022976012975,185.93370350785338,326.99428468429034,1192421133
7235,16,20.864985610656987,269.1991599124905,185.93370350785338,326.7498216319021,341738512
7247,-1,21.030176371355807,269.7394741356953,186.12511292954605,328.37645971720326,3101193244
7247,14,20.995137886714335,269.6081498142175,186.12511292954605,328.37645971720326,1567856202
7247,15,21.040561869786693,269.80976976282506,186.12511292954605,328.37645971720326,1191806598
7247,16,21.148974955915406,270.0970377492,186.12511292954605,328.270177358607,341530444
7267,-1,21.19260333538501,270.29853454197564,186.4440619906279,329.44223864400857,3101166579
7267,14,21.156977961284074,270.1610626937492,186.4440619906279,329.3052188866755,1567864204
7267,15,21.207271851665205,270.37337769528796,186.4440619906279,329.44223864400857,1191782880
7267,16,21.298807853961208,270.66847067428677,186.4440619906279,329.19200333404984,341519495
7269,-1,21.222249911936107,270.39374755748304,186.47595232167592,329.57085719335345,3101199695
7269,14,21.187754328461278,270.2545573128127,186.47595232167592,329.57085719335345,1567886013
7269,15,21.235628862521665,270.4696272027978,186.47595232167592,329.5387282298969,1191796001
7269,16,21.32765492439329,270.76796355574976,186.47595232167592,329.47438603685015,341517681
7284,-1,21.10075078889722,270.3484779888781,186.71510333123607,329.3986509220744,3099719798
7284,14,21.073868828039064,270.21696574357554,186.71510333123607,329.2843893421886,1567234028
7284,15,21.106721187925874,270.41734655949085,186.71510333123607,329.3986509220744,1191155289
7284,16,21.197636226785793,270.7119887525289,186.71510333123607,329.3823482799924,341330481
7389,-1,21.731106711814807,272.2318815767739,188.3878589724862,333.07142706194196,3095075986
7389,14,21.69646805835137,272.0920568572115,188.3878589724862,333.07142706194196,1564707972
7389,15,21.749220218298635,272.30603129699006,188.3878589724862,332.72830732719683,1189528465
7389,16,21.820686462142838,272.61499923696385,188.3878589724862,332.9680197401664,340839549
7419,-1,21.827288643974125,272.70118418829736,188.86537345229704,333.6748078705516,3093469786
7419,14,21.808851207805017,272.5541918541667,188.86537345229704,333.6748078705516,1564082186
7419,15,21.8259889032501,272.7835111508728,188.86537345229704,333.5869338908437,1188741761
7419,16,21.910031234039472,273.0888084528719,188.86537345229704,333.5148860318264,340645839
7423,-1,21.898755709975337,272.72657781484514,188.92902817075216,333.84289900573873,3093876446
7423,14,21.877545226702942,272.58218141166293,188.92902817075216,333.80305126565105,1564235537
7423,15,21.896108042647334,272.80849430426065,188.92902817075216,333.84289900573873,1188910178
7423,16,21.99912369394757,273.1036457619699,188.92902817075216,333.7152355308009,340730731
7424,-1,21.91615259877392,272.7719017809723,188.94494134085397,334.02597058918366,3093770619
7424,14,21.894374334857925,272.628237127287,188.94494134085397,333.82713533341354,1564166762
7424,15,21.9145388571288,272.8525166281083,188.94494134085397,334.02597058918366,1188890598
7424,16,22.015546204758053,273.1501472379526,188.94494134085397,333.8111826905064,340713259
7426,-1,21.93059996831246,272.8318180548271,188.9767670698204,334.0185808760866,3093492098
7426,14,21.90786139939484,272.68893138573185,188.9767670698204,333.9310859433432,1563996458
7426,15,21.931078835224298,272.911262081008,188.9767670698204,334.0185808760866,1188820314
7426,16,22.027142496941412,273.21056451036236,188.9767670698204,333.8992198275735,340675326
7428,-1,21.931784580614725,272.86842690524037,189.00859198397256,334.058812861069,3093061689
7428,14,21.905780782881433,272.7271218752626,189.00859198397256,333.95535646449594,1563731776
7428,15,21.93716289330633,272.944884180592,189.00859198397256,334.058812861069,1188714908
7428,16,22.026239538980324,273.25031631275317,189.00859198397256,333.82763788993077,340615005
7431,-1,21.869003656519,272.76892209847375,189.0563278278669,333.8598654868814,3092638978
7431,14,21.84283370037633,272.63133030069247,189.0563278278669,333.8598654868814,1563522733
7431,15,21.87714736127491,272.8407889755725,189.0563278278669,333.62699902045216,1188559943
7431,16,21.954768761592387,273.14979836355974,189.0563278278669,333.58670399073145,340556302
7436,-1,21.91235100596214,272.95610658497293,189.13588349648504,334.10015091807605,3091612023
7436,14,21.8774584189913,272.81844959316646,189.13588349648504,334.10015091807605,1562887814
7436,15,21.928524944267892,273.027787959628,189.13588349648504,334.06022163172344,1188264576
7436,16,22.00999116889876,273.3378434610878,189.13588349648504,333.95620616041793,340459633
7444,-1,21.914764163258564,273.0130443672739,189.26316198814183,334.2048309969308,3091662912
7444,14,21.87693515534771,272.8749873887609,189.26316198814183,334.2048309969308,1562900738
7444,15,21.9380659317014,273.0835189066547,189.26316198814183,334.1647931545768,1188296161
7444,16,22.000904396073317,273.40082089699604,189.26316198814183,334.13273364335294,340466013
7475,-1,21.92489198647263,273.3871347898849,189.75624339579687,334.9187663587225,3090660481
7475,14,21.90689641106035,273.2450647509742,189.75624339579687,334.84650913135044,1562638179
7475,15,21.93004025584832,273.46154501592423,189.75624339579687,334.9187663587225,1187734965
7475,16,21.98337525396626,273.7798159894012,189.75624339579687,334.6289121084278,340287337
7549,-1,21.844607497204517,273.2400415560916,190.93249122061806,334.22073614551834,3088862523
7549,14,21.828358205364903,273.09757953066736,190.93249122061806,334.02261601838984,1561630940
7549,15,21.840443160259827,273.3198665918022,190.93249122061806,334.22073614551834,1187060758
7549,16,21.927680365545296,273.6154880373693,190.93249122061806,333.99669677797726,340170825
7584,-1,21.956578283644298,273.75786463573286,191.48844132736593,335.2035889353424,3088109493
7584,14,21.931172074583465,273.6190533422543,191.48844132736593,335.160709376917,1561069295
7584,15,21.972835545156027,273.8294678629233,191.48844132736593,335.2035889353424,1186997572
7584,16,22.01047091293885,274.14517252349776,191.48844132736593,334.7985678830738,340042626
7665,-1,21.74297235843698,273.6325647505012,192.77413191667213,334.6680807425802,3082885507
7665,14,21.7308934592671,273.4901400106152,192.77413191667213,334.49308367430683,1558555834
7665,15,21.750784820777543,273.7089142837362,192.77413191667213,334.6680807425802,1184930672
7665,16,21.765070469108185,274.0200379167301,192.77413191667213,334.326531376411,339399001
7666,-1,21.95714076204397,274.31370036890314,192.78999650319875,335.72493519857915,3083059373
7666,14,21.948283085484416,274.1750364434902,192.78999650319875,335.72493519857915,1558711821
7666,15,21.960173446640052,274.3836685566459,192.78999650319875,335.6533646571466,1184927934
7666,16,21.98129988018701,274.7062228763667,192.78999650319875,335.5098089609741,339419618
7831,-1,22.32300002429358,276.2154236667993,195.40496230959477,338.8480536144045,3076185814
7831,14,22.302167355319067,276.08294287195946,195.40496230959477,338.8480536144045,1554991346
7831,15,22.34220127817671,276.27744375059245,195.40496230959477,338.8480536144045,1182499096
7831,16,22.345979760177396,276.60712608565575,195.40496230959477,338.83885380740236,338695372
7836,-1,22.261275102931666,275.94968313230726,195.48412075856655,338.39187393421446,3075929878
7836,14,22.24056532445574,275.80856859945044,195.48412075856655,338.21395691178753,1554709310
7836,15,22.281028341575023,276.0206832588855,195.48412075856655,338.39187393421446,1182531319
7836,16,22.28124878192669,276.34955471097993,195.48412075856655,337.85555280541337,338689249
7853,-1,20.378196265160774,274.3069754562882,195.7532232635167,334.84190618476043,3075026144
7853,14,20.389303830743845,274.1832753898477,195.7532232635167,334.84190618476043,1554485045
7853,15,20.369305483788594,274.3659398486326,195.7532232635167,334.51783687763594,1182017687
7853,16,20.352958646212137,274.66911569341056,195.7532232635167,333.91430731566487,338523412
7865,-1,22.424479180384946,276.83345484906806,195.94314431487692,340.1936334433818,3076269025
7865,14,22.409220357383866,276.69097925873007,195.94314431487692,340.1936334433818,1554955184
7865,15,22.436681850319097,276.9038283462354,195.94314431487692,340.0024800483071,1182604846
7865,16,22.445696814700288,277.2418264041531,195.94314431487692,339.8011739421091,338708995
7885,-1,22.519754734026435,277.08670109973,196.259617620819,340.76786694037565,3075018769
7885,14,22.504335147908844,276.93809618358716,196.259617620819,340.76786694037565,1554268944
7885,15,22.532778245751437,277.16236101994866,196.259617620819,340.6771241302531,1182166426
7885,16,22.538447624439982,277.5047056121433,196.259617620819,340.4675814990225,338583399
7888,-1,22.51977322704694,277.1112187015617,196.30708196531688,340.6572984591016,3075285827
7888,14,22.50271779676877,276.97280012497976,196.30708196531688,340.63907638114523,1554508644
7888,15,22.53471491768923,277.17651240140714,196.30708196531688,340.6572984591016,1182195912
7888,16,22.539881155724554,277.5187513696939,196.30708196531688,340.37387127181273,338581271
7912,-1,20.147052259076403,274.11404001782245,196.68673437202108,334.3764105471997,3071920819
7912,14,20.14337740255045,273.9944592903462,196.68673437202108,334.3764105471997,1552779074
7912,15,20.156338867209367,274.1722444124063,196.68673437202108,333.666616091445,1180936717
7912,16,20.126587918469685,274.45982655244484,196.68673437202108,334.1671486272371,338205028
7950,-1,22.432974120825534,277.4508284919199,197.2876245734881,340.9485205084968,3067790311
7950,14,22.412204281128826,277.3060392573603,197.2876245734881,340.6267269562324,1550492253
7950,15,22.455782561744602,277.52331854011413,197.2876245734881,340.9485205084968,1179470618
7950,16,22.44225431656406,277.86226548046017,197.2876245734881,340.46478500031554,337827440
7972,-1,21.26547440086894,275.994575623077,197.6353821101493,337.23654299472025,3067995984
7972,14,21.259944882244742,275.8625693613825,197.6353821101493,337.23654299472025,1550618716
7972,15,21.275241528452895,276.06281137323873,197.6353821101493,336.98179083307673,1179544747
7972,16,21.25129562319491,276.36222601678134,197.6353821101493,336.87511531845064,337832521
7980,-1,22.284270933902437,277.3676675044021,197.7618165003555,340.29287027613844,3066799397
7980,14,22.28682922774799,277.21444879034664,197.7618165003555,340.28308189279744,1550238475
7980,15,22.279508636844238,277.4531417749978,197.7618165003555,340.15558817676845,1178863778
7980,16,22.282478569949355,277.7726547140737,197.7618165003555,340.29287027613844,337697144
7995,-1,22.254721761724305,277.6272275577598,197.9988481272338,340.6756781959532,3063379426
7995,14,22.235163252083037,277.49164036203064,197.9988481272338,340.6756781959532,1548194685
7995,15,22.277024940523155,277.690673069808,197.9988481272338,340.56787132894925,1177860758
7995,16,22.260711332640714,278.0279858900519,197.9988481272338,340.499101154477,337323983
8007,-1,22.43119573483377,277.9480386249028,198.1884426160904,341.4060936211103,3062887609
8007,14,22.40533664317813,277.80852861991406,198.1884426160904,341.16343884844844,1547914750
8007,15,22.461444983196888,278.014824556542,198.1884426160904,341.4060936211103,1177671515
8007,16,22.438080300956774,278.3550862327547,198.1884426160904,341.1829103250218,337301344
8015,-1,22.274756775008317,277.8185177241117,198.31482374669343,341.20554458031637,3064255286
8015,14,22.256949174539102,277.6736052116707,198.31482374669343,340.9799306867489,1548640532
8015,15,22.295838820808136,277.89065671281105,198.31482374669343,341.20554458031637,1178176556
8015,16,22.276403431473536,278.23170427479687,198.31482374669343,341.17619397149315,337438198
8055,-1,22.30558621244435,278.0673323239323,198.94654748268096,341.35536923664927,3060135859
8055,14,22.28609672072572,277.93258531398493,198.94654748268096,341.1144043054887,1546512886
8055,15,22.331412284206674,278.1281993592672,198.94654748268096,341.35536923664927,1176664822
8055,16,22.29890736078946,278.4732221578174,198.94654748268096,341.29527653214944,336958151
8078,-1,22.275533937483228,278.15183652037143,199.30965171965295,341.93596468310574,3059750232
8078,14,22.25864078216209,278.0111229260907,199.30965171965295,341.6950163530808,1546257757
8078,15,22.297212898054333,278.21975783291083,199.30965171965295,341.4423549186844,1176540323
8078,16,22.27114451753932,278.5604029083914,199.30965171965295,341.93596468310574,336952152
